-- phpMyAdmin SQL Dump
-- version 4.6.5.2
-- https://www.phpmyadmin.net/
--
-- Хост: 127.0.0.1:3306
-- Время создания: Авг 19 2017 г., 20:47
-- Версия сервера: 5.7.16
-- Версия PHP: 7.0.14

SET SQL_MODE = "NO_AUTO_VALUE_ON_ZERO";
SET time_zone = "+00:00";


/*!40101 SET @OLD_CHARACTER_SET_CLIENT=@@CHARACTER_SET_CLIENT */;
/*!40101 SET @OLD_CHARACTER_SET_RESULTS=@@CHARACTER_SET_RESULTS */;
/*!40101 SET @OLD_COLLATION_CONNECTION=@@COLLATION_CONNECTION */;
/*!40101 SET NAMES utf8mb4 */;

--
-- База данных: `souvenir`
--

-- --------------------------------------------------------

--
-- Структура таблицы `articles`
--

CREATE TABLE `articles` (
  `id` int(10) UNSIGNED NOT NULL,
  `title` varchar(255) COLLATE utf8mb4_unicode_ci DEFAULT NULL,
  `text` text COLLATE utf8mb4_unicode_ci,
  `desc` text COLLATE utf8mb4_unicode_ci,
  `alias` varchar(150) COLLATE utf8mb4_unicode_ci NOT NULL,
  `img` varchar(255) COLLATE utf8mb4_unicode_ci DEFAULT NULL,
  `keywords` varchar(255) COLLATE utf8mb4_unicode_ci DEFAULT NULL,
  `meta_desc` varchar(255) COLLATE utf8mb4_unicode_ci DEFAULT NULL,
  `created_at` timestamp NULL DEFAULT NULL,
  `updated_at` timestamp NULL DEFAULT NULL,
  `category_id` int(10) UNSIGNED NOT NULL DEFAULT '1',
  `excerption` text COLLATE utf8mb4_unicode_ci,
  `post` text COLLATE utf8mb4_unicode_ci,
  `user_id` int(10) UNSIGNED NOT NULL DEFAULT '1'
) ENGINE=InnoDB DEFAULT CHARSET=utf8mb4 COLLATE=utf8mb4_unicode_ci;

--
-- Дамп данных таблицы `articles`
--

INSERT INTO `articles` (`id`, `title`, `text`, `desc`, `alias`, `img`, `keywords`, `meta_desc`, `created_at`, `updated_at`, `category_id`, `excerption`, `post`, `user_id`) VALUES
(1, 'Чудо зеленое', '<p>Не следует, однако забывать, что начало повседневной работы по формированию позиции представляет собой интересный эксперимент проверки системы обучения кадров, соответствует насущным потребностям. Товарищи! начало повседневной работы по формированию позиции способствует подготовки и реализации направлений прогрессивного развития.</p><p> Повседневная практика показывает, что сложившаяся структура организации позволяет оценить значение соответствующий условий активизации.\r\n</p><p>Таким образом реализация намеченных плановых заданий способствует подготовки и реализации модели развития. Не следует, однако забывать, что консультация с широким активом позволяет выполнять важные задания по разработке дальнейших направлений развития. Разнообразный и богатый опыт постоянное информационно-пропагандистское обеспечение нашей деятельности способствует подготовки и реализации соответствующий условий активизации.<p>', '<p>Товарищи! сложившаяся структура организации обеспечивает широкому кругу (специалистов) участие в формировании системы обучения кадров, соответствует насущным потребностям.</p><p>Задача организации, в особенности же начало повседневной работы по формированию позиции позволяет оценить значение форм развития.</p>', 'green-miracle', '{\"mini\":\"4.jpg \",\"max\":\"11.jpg \"}', 'green-miracle_keywords', 'green-miracle_desc', '2017-04-20 22:00:00', NULL, 3, '<p>Идейные соображения высшего порядка, а также постоянное информационно-пропагандистское обеспечение нашей деятельности позволяет выполнять важные задания по разработке системы обучения кадров, соответствует насущным потребностям.</P>', 'Равным образом рамки и место обучения кадров представляет собой интересный эксперимент проверки новых предложений. Разнообразный и богатый опыт укрепление и развитие структуры позволяет выполнять важные задания по разработке существенных финансовых и административных условий.', 7),
(2, 'Грустная мамочка', '<p>Задача организации, в особенности же начало повседневной работы по формированию позиции позволяет оценить значение форм развития.</p><p>Задача организации, в особенности же начало повседневной работы по формированию позиции позволяет оценить значение форм развития.</p><p>Задача организации, в особенности же начало повседневной работы по формированию позиции позволяет оценить значение форм развития.</p>', '<p>Задача организации, в особенности же дальнейшее развитие различных форм деятельности влечет за собой процесс внедрения и модернизации модели развития. Идейные соображения высшего порядка, а также консультация с широким активом влечет за собой процесс внедрения и модернизации форм развития.\r\n</p>', 'sad_mom', '{\"mini\":\"5.jpg \",\"max\":\"12.jpg \"}', 'sad_mom_keywords', 'sad_mom_meta_desc', '2017-04-20 22:00:00', NULL, 2, '<p>Повседневная практика показывает, что дальнейшее развитие различных форм деятельности в значительной степени обуславливает создание соответствующий условий активизации.</p>', NULL, 1),
(3, 'Чудо синее', '<p>Равным образом постоянный количественный рост и сфера нашей активности позволяет оценить значение соответствующий условий активизации. Идейные соображения высшего порядка, а также укрепление и развитие структуры обеспечивает широкому кругу (специалистов) участие в формировании новых предложений.</p><p>Повседневная практика показывает, что дальнейшее развитие различных форм деятельности в значительной степени обуславливает создание соответствующий условий активизации. Равным образом рамки и место обучения кадров представляет собой интересный эксперимент проверки новых предложений. Разнообразный и богатый опыт укрепление и развитие структуры позволяет выполнять важные задания по разработке существенных финансовых и административных условий. Разнообразный и богатый опыт укрепление и развитие структуры влечет за собой процесс внедрения и модернизации направлений прогрессивного развития. Разнообразный и богатый опыт укрепление и развитие структуры обеспечивает широкому кругу (специалистов) участие в формировании систем массового участия.</p>', '<p>Чудо синее Чудо синееЧудо зеленое Чудо зеленое Чудо зеленое Чудо зеленое Чудо зеленое Чудо зеленое Чудо зеленое Чудо зеленое Чудо зеленое Чудо зеленое Чудо зеленое Чудо зеленое Чудо зеленое</p> ', 'blue-miracle', '{\"mini\":\"4.jpg \",\"max\":\"11.jpg \"}', 'green-miracle_keywords', 'green-miracle_desc', '2017-04-20 22:00:00', NULL, 3, '<p>Идейные соображения высшего порядка, а также укрепление и развитие структуры обеспечивает широкому кругу (специалистов) участие в формировании системы обучения кадров, соответствует насущным потребностям.</p>', NULL, 1),
(4, 'Грустный папочка', '<p>Товарищи! сложившаяся структура организации обеспечивает широкому кругу (специалистов) участие в формировании системы обучения кадров, соответствует насущным потребностям.</p><p>Задача организации, в особенности же начало повседневной работы по формированию позиции позволяет оценить значение форм развития.</p>', '<p>Задача организации, в особенности же начало повседневной работы по формированию позиции позволяет оценить значение форм развития.</p> ', 'sad_dad-2', '{\"mini\":\"5.jpg \",\"max\":\"12.jpg \"}', 'sad_mom_keywords', 'sad_mom_meta_desc', '2017-04-20 22:00:00', NULL, 2, '<p> Равным образом рамки и место обучения кадров представляет собой интересный эксперимент проверки новых предложений. Разнообразный и богатый опыт укрепление и развитие структуры позволяет выполнять важные задания по разработке существенных финансовых и административных условий.</p><p>Pогатый опыт укрепление и развитие структуры позволяет выполнять важные задания по разработке существенных финансовых и административных условий.</p>', NULL, 1),
(6, 'Чудо зеленое', '<p>Равным образом постоянный количественный рост и сфера нашей активности позволяет оценить значение соответствующий условий активизации. Идейные соображения высшего порядка, а также укрепление и развитие структуры обеспечивает широкому кругу (специалистов) участие в формировании новых предложений.</p><p>Повседневная практика показывает, что дальнейшее развитие различных форм деятельности в значительной степени обуславливает создание соответствующий условий активизации. Равным образом рамки и место обучения кадров представляет собой интересный эксперимент проверки новых предложений. Разнообразный и богатый опыт укрепление и развитие структуры позволяет выполнять важные задания по разработке существенных финансовых и административных условий. Разнообразный и богатый опыт укрепление и развитие структуры влечет за собой процесс внедрения и модернизации направлений прогрессивного развития. Разнообразный и богатый опыт укрепление и развитие структуры обеспечивает широкому кругу (специалистов) участие в формировании систем массового участия.<p>', '<p>Идейные соображения высшего порядка, а также постоянное информационно-пропагандистское обеспечение нашей деятельности позволяет выполнять важные задания по разработке системы обучения кадров, соответствует насущным потребностям.<p>', 'green-miracle-2', '{\"mini\":\"4.jpg \",\"max\":\"11.jpg \"}', 'green-miracle_keywords', 'green-miracle_desc', '2017-04-20 22:00:00', NULL, 3, '<p>Разнообразный и богатый опыт укрепление и развитие структуры обеспечивает широкому кругу (специалистов) участие в формировании систем массового участия.</p>', NULL, 1),
(7, 'Чудо зеленое', '<p>Задача организации, в особенности же дальнейшее развитие различных форм деятельности влечет за собой процесс внедрения и модернизации модели развития. Идейные соображения высшего порядка, а также консультация с широким активом влечет за собой процесс внедрения и модернизации форм развития.\r\n</p><p>Задача организации, в особенности же дальнейшее развитие различных форм деятельности влечет за собой процесс внедрения и модернизации модели развития. Идейные соображения высшего порядка, а также консультация с широким активом влечет за собой процесс внедрения и модернизации форм развития.\r\n</p> ', '<p>Задача организации, в особенности же дальнейшее развитие различных форм деятельности влечет за собой процесс внедрения и модернизации модели развития. Идейные соображения высшего порядка, а также консультация с широким активом влечет за собой процесс внедрения и модернизации форм развития.\r\n</p>', 'green-miracle-3', '{\"mini\":\"4.jpg \",\"max\":\"11.jpg \"}', 'green-miracle_keywords', 'green-miracle_desc', '2017-04-20 22:00:00', NULL, 3, '<p>Не следует, однако забывать, что начало повседневной работы по формированию позиции представляет собой интересный эксперимент проверки системы обучения кадров, соответствует насущным потребностям.</p>', NULL, 1),
(8, 'Грустная дамочка', '<p>Товарищи! сложившаяся структура организации обеспечивает широкому кругу (специалистов) участие в формировании системы обучения кадров, соответствует насущным потребностям.</p><p>Задача организации, в особенности же начало повседневной работы по формированию позиции позволяет оценить значение форм развития.</p>', '<p>Не следует, однако забывать, что начало повседневной работы по формированию позиции представляет собой интересный эксперимент проверки системы обучения кадров, соответствует насущным потребностям. Товарищи! начало повседневной работы по формированию позиции способствует подготовки и реализации направлений прогрессивного развития.</p>', 'sad_mom-2', '{\"mini\":\"5.jpg \",\"max\":\"12.jpg \"}', 'sad_mom_keywords', 'sad_mom_meta_desc', '2017-04-20 22:00:00', NULL, 2, '<p>Разнообразный и богатый опыт укрепление и развитие структуры обеспечивает широкому кругу (специалистов) участие в формировании систем массового участия.</p>', NULL, 1);

-- --------------------------------------------------------

--
-- Структура таблицы `banners`
--

CREATE TABLE `banners` (
  `id` int(10) UNSIGNED NOT NULL,
  `position` tinyint(3) UNSIGNED NOT NULL,
  `text` text COLLATE utf8mb4_unicode_ci,
  `created_at` timestamp NULL DEFAULT NULL,
  `updated_at` timestamp NULL DEFAULT NULL,
  `product_id` int(10) UNSIGNED NOT NULL DEFAULT '1',
  `images` varchar(255) COLLATE utf8mb4_unicode_ci DEFAULT NULL
) ENGINE=InnoDB DEFAULT CHARSET=utf8mb4 COLLATE=utf8mb4_unicode_ci;

--
-- Дамп данных таблицы `banners`
--

INSERT INTO `banners` (`id`, `position`, `text`, `created_at`, `updated_at`, `product_id`, `images`) VALUES
(1, 1, NULL, '2017-04-10 22:00:00', NULL, 1, '11.jpg'),
(2, 2, 'Наша Маша больше Вашей, нашей Маше двадцать лет. Наша Маша вышла замуж, Ваша Маша - еще нет', '2017-04-10 22:00:00', NULL, 3, '7.jpg'),
(3, 3, NULL, '2017-04-10 22:00:00', NULL, 5, '6.jpg');

-- --------------------------------------------------------

--
-- Структура таблицы `blocks`
--

CREATE TABLE `blocks` (
  `id` int(10) UNSIGNED NOT NULL,
  `name` varchar(255) COLLATE utf8mb4_unicode_ci DEFAULT NULL,
  `created_at` timestamp NULL DEFAULT NULL,
  `updated_at` timestamp NULL DEFAULT NULL
) ENGINE=InnoDB DEFAULT CHARSET=utf8mb4 COLLATE=utf8mb4_unicode_ci;

--
-- Дамп данных таблицы `blocks`
--

INSERT INTO `blocks` (`id`, `name`, `created_at`, `updated_at`) VALUES
(1, 'SLIDER', '2017-04-06 22:00:00', NULL),
(2, 'BANNER', '2017-04-06 22:00:00', NULL),
(3, 'FEATURED_PRODUCT', '2017-04-06 22:00:00', NULL),
(4, 'PRODUCT_TAB', '2017-04-06 22:00:00', NULL),
(5, 'UP_COMING_PRODUCT', '2017-04-06 22:00:00', NULL),
(6, 'BRANDS', '2017-04-06 22:00:00', NULL),
(7, 'FOOTER_BIG', '2017-04-06 22:00:00', NULL),
(8, 'FOOTER_SMALL', '2017-04-06 22:00:00', NULL),
(9, 'HEADER_STICKY', '2017-04-06 22:00:00', NULL),
(10, 'HEADER_NO_STICKY', '2017-04-06 22:00:00', NULL),
(11, 'BLOG_SECTION', '2017-04-09 22:00:00', NULL),
(12, 'NEWSLETTER', '2017-04-09 22:00:00', NULL),
(13, 'HEADER_STICKY_2', '2017-04-09 22:00:00', NULL),
(14, 'GOOGLE_MAP', '2017-08-17 22:00:00', NULL),
(15, 'SALE_PRODUCTS', '2017-08-17 22:00:00', NULL),
(16, 'NEW_PRODUCTS', '2017-08-17 22:00:00', NULL),
(17, 'HITS_PRODUCTS', '2017-08-17 22:00:00', NULL),
(18, 'SPEC_PRODUCTS', '2017-08-17 22:00:00', NULL);

-- --------------------------------------------------------

--
-- Структура таблицы `block_page`
--

CREATE TABLE `block_page` (
  `id` int(10) UNSIGNED NOT NULL,
  `created_at` timestamp NULL DEFAULT NULL,
  `updated_at` timestamp NULL DEFAULT NULL,
  `block_id` int(10) UNSIGNED NOT NULL DEFAULT '1',
  `page_id` int(10) UNSIGNED NOT NULL DEFAULT '1'
) ENGINE=InnoDB DEFAULT CHARSET=utf8mb4 COLLATE=utf8mb4_unicode_ci;

--
-- Дамп данных таблицы `block_page`
--

INSERT INTO `block_page` (`id`, `created_at`, `updated_at`, `block_id`, `page_id`) VALUES
(1, '2017-04-08 22:00:00', NULL, 1, 5),
(2, '2017-04-08 22:00:00', NULL, 2, 5),
(3, '2017-04-09 22:00:00', NULL, 3, 5),
(4, '2017-04-08 22:00:00', NULL, 5, 5),
(5, '2017-04-09 22:00:00', NULL, 4, 5),
(6, '2017-04-09 22:00:00', NULL, 9, 5),
(7, '2017-04-09 22:00:00', NULL, 11, 5),
(8, '2017-04-09 22:00:00', NULL, 12, 5),
(9, '2017-04-09 22:00:00', NULL, 8, 5),
(11, '2017-04-10 22:00:00', NULL, 13, 6),
(12, NULL, NULL, 8, 7),
(14, NULL, NULL, 2, 3),
(15, NULL, NULL, 12, 8),
(16, NULL, NULL, 5, 1),
(17, NULL, NULL, 2, 2),
(18, '2017-08-17 22:00:00', NULL, 14, 4),
(19, NULL, NULL, 15, 8),
(20, '2017-08-17 22:00:00', NULL, 16, 1),
(22, '2017-08-17 22:00:00', NULL, 17, 2),
(23, '2017-08-17 22:00:00', NULL, 18, 3),
(24, NULL, NULL, 16, 3),
(25, NULL, NULL, 15, 4),
(26, '2017-08-17 22:00:00', NULL, 16, 9),
(27, NULL, NULL, 18, 9),
(28, '2017-08-18 22:00:00', NULL, 17, 10);

-- --------------------------------------------------------

--
-- Структура таблицы `brands`
--

CREATE TABLE `brands` (
  `id` int(10) UNSIGNED NOT NULL,
  `name` varchar(255) COLLATE utf8mb4_unicode_ci DEFAULT NULL,
  `alias` varchar(255) COLLATE utf8mb4_unicode_ci DEFAULT NULL,
  `images` varchar(255) COLLATE utf8mb4_unicode_ci DEFAULT NULL,
  `created_at` timestamp NULL DEFAULT NULL,
  `updated_at` timestamp NULL DEFAULT NULL
) ENGINE=InnoDB DEFAULT CHARSET=utf8mb4 COLLATE=utf8mb4_unicode_ci;

--
-- Дамп данных таблицы `brands`
--

INSERT INTO `brands` (`id`, `name`, `alias`, `images`, `created_at`, `updated_at`) VALUES
(1, 'Сувениры', 'souvenirs', NULL, '2017-04-05 22:00:00', NULL),
(2, 'Брелки', 'trinkets', NULL, '2017-04-05 22:00:00', NULL),
(3, 'Кольца. Серьги', 'rings', NULL, '2017-04-05 22:00:00', NULL),
(4, 'Наперстки. Колокольчики', 'bells', NULL, '2017-04-05 22:00:00', NULL),
(5, 'Подвески', 'suspensions', NULL, '2017-04-05 22:00:00', NULL);

-- --------------------------------------------------------

--
-- Структура таблицы `categories`
--

CREATE TABLE `categories` (
  `id` int(10) UNSIGNED NOT NULL,
  `title` varchar(255) COLLATE utf8mb4_unicode_ci NOT NULL,
  `parent_id` int(11) NOT NULL DEFAULT '0',
  `alias` varchar(255) COLLATE utf8mb4_unicode_ci NOT NULL,
  `keywords` varchar(255) COLLATE utf8mb4_unicode_ci DEFAULT NULL,
  `meta_desc` varchar(255) COLLATE utf8mb4_unicode_ci DEFAULT NULL,
  `created_at` timestamp NULL DEFAULT NULL,
  `updated_at` timestamp NULL DEFAULT NULL
) ENGINE=InnoDB DEFAULT CHARSET=utf8mb4 COLLATE=utf8mb4_unicode_ci;

--
-- Дамп данных таблицы `categories`
--

INSERT INTO `categories` (`id`, `title`, `parent_id`, `alias`, `keywords`, `meta_desc`, `created_at`, `updated_at`) VALUES
(1, 'Блог', 0, 'articles', 'articles_keywords', 'articles_meta_desc', '2017-04-19 22:00:00', NULL),
(2, 'Эти смешные животные...', 1, 'funny_animals', 'funny_animals_keywords', 'funny_animals_meta_desc', '2017-04-19 22:00:00', NULL),
(3, 'Лягушки...Жабы...', 5, 'frogs', 'frogs_keywords', 'frogs_meta_desc', '2017-04-19 22:00:00', NULL);

-- --------------------------------------------------------

--
-- Структура таблицы `comments`
--

CREATE TABLE `comments` (
  `id` int(10) UNSIGNED NOT NULL,
  `text` text COLLATE utf8mb4_unicode_ci NOT NULL,
  `parent_id` int(11) NOT NULL,
  `created_at` timestamp NULL DEFAULT NULL,
  `updated_at` timestamp NULL DEFAULT NULL,
  `article_id` int(10) UNSIGNED NOT NULL DEFAULT '1',
  `user_id` int(10) UNSIGNED DEFAULT NULL
) ENGINE=InnoDB DEFAULT CHARSET=utf8mb4 COLLATE=utf8mb4_unicode_ci;

--
-- Дамп данных таблицы `comments`
--

INSERT INTO `comments` (`id`, `text`, `parent_id`, `created_at`, `updated_at`, `article_id`, `user_id`) VALUES
(1, 'Повседневная практика показывает, что рамки и место обучения кадров требуют определения и уточнения форм развития. С другой стороны консультация с широким активом способствует подготовки и реализации позиций, занимаемых участниками в отношении поставленных задач. С другой стороны постоянное информационно-пропагандистское обеспечение нашей деятельности играет важную роль в формировании новых предложений.', 0, '2017-04-01 22:00:00', NULL, 1, 7),
(2, 'Значимость этих проблем настолько очевидна, что начало повседневной работы по формированию позиции позволяет оценить значение форм развития. Товарищи! новая модель организационной деятельности в значительной степени обуславливает создание систем массового участия.', 1, '2017-04-17 22:00:00', NULL, 1, 1),
(3, 'Товарищи! консультация с широким активом играет важную роль в формировании модели развития. Повседневная практика показывает, что рамки и место обучения кадров требуют определения и уточнения форм развития. ', 1, '2017-04-16 22:00:00', NULL, 1, 8),
(4, 'Товарищи! консультация с широким активом играет важную роль в формировании модели развития. Повседневная практика показывает, что рамки и место обучения кадров требуют определения и уточнения форм развития. ', 3, '2017-04-16 22:00:00', NULL, 1, 9),
(5, 'Значимость этих проблем настолько очевидна, что начало повседневной работы по формированию позиции позволяет оценить значение форм развития. Товарищи! новая модель организационной деятельности в значительной степени обуславливает создание систем массового участия.', 0, '2017-04-17 22:00:00', NULL, 1, 8),
(47, 'Задача организации, в особенности же дальнейшее развитие различных форм деятельности влечет за собой процесс внедрения и модернизации модели развития. Идейные соображения высшего порядка, а также консультация с широким активом влечет за собой процесс внедрения и модернизации форм развития.', 0, '2017-04-26 14:31:01', '2017-04-26 14:31:01', 2, 1),
(48, 'Обезьяна встала очень рано.\r\nОбезьяна съела два банана.\r\nОбезьяна шла без чемодана.\r\nОбезьяна радовалась рано, рано.', 47, '2017-04-26 14:36:38', '2017-04-26 14:36:38', 2, 8),
(49, 'Солнце палило, очень жарко было,\r\nЗавяли деревья, высохли цветы,\r\nИ крокодилы из последней силы\r\nБежали к реке, где не было воды.', 47, '2017-04-26 14:42:55', '2017-04-26 14:42:55', 2, 8),
(52, 'Задача организации, в особенности же дальнейшее развитие различных форм деятельности влечет за собой процесс внедрения и модернизации модели развития. Идейные соображения высшего порядка, а также консультация с широким активом влечет за собой процесс внедрения и модернизации форм развития.', 48, '2017-04-29 20:16:26', '2017-04-29 20:16:26', 2, 7),
(54, 'Равным образом рамки и место обучения кадров представляет собой интересный эксперимент проверки новых предложений. Разнообразный и богатый опыт укрепление и развитие структуры позволяет выполнять важные задания по разработке существенных финансовых и административных условий. Задача организации, в особенности же начало повседневной работы по формированию позиции позволяет оценить значение форм развития.', 0, '2017-05-27 19:58:13', '2017-05-27 19:58:13', 4, 1),
(55, 'Задача организации, в особенности же начало повседневной работы по формированию позиции позволяет оценить значение форм развития.', 54, '2017-06-06 10:27:33', '2017-06-06 10:27:33', 4, 1),
(62, 'Убедитесь, что адрес доставки появился и заполнен правильно в поле ниже. Товарищи! консультация с широким активом играет важную роль...', 5, '2017-07-17 11:32:14', '2017-07-17 11:32:14', 1, 7);

-- --------------------------------------------------------

--
-- Структура таблицы `deliveries`
--

CREATE TABLE `deliveries` (
  `id` int(10) UNSIGNED NOT NULL,
  `name` varchar(255) COLLATE utf8mb4_unicode_ci DEFAULT NULL,
  `created_at` timestamp NULL DEFAULT NULL,
  `updated_at` timestamp NULL DEFAULT NULL
) ENGINE=InnoDB DEFAULT CHARSET=utf8mb4 COLLATE=utf8mb4_unicode_ci;

--
-- Дамп данных таблицы `deliveries`
--

INSERT INTO `deliveries` (`id`, `name`, `created_at`, `updated_at`) VALUES
(1, 'Пересылка по почте', '2017-07-03 22:00:00', NULL),
(2, 'Доставка курьером', '2017-07-03 22:00:00', NULL),
(3, 'Самовывоз', '2017-07-03 22:00:00', NULL),
(4, 'Другое, по согласованию с менеджером', '2017-07-03 22:00:00', NULL);

-- --------------------------------------------------------

--
-- Структура таблицы `failed_jobs`
--

CREATE TABLE `failed_jobs` (
  `id` bigint(20) UNSIGNED NOT NULL,
  `connection` text COLLATE utf8mb4_unicode_ci NOT NULL,
  `queue` text COLLATE utf8mb4_unicode_ci NOT NULL,
  `payload` longtext COLLATE utf8mb4_unicode_ci NOT NULL,
  `exception` longtext COLLATE utf8mb4_unicode_ci NOT NULL,
  `failed_at` timestamp NOT NULL DEFAULT CURRENT_TIMESTAMP
) ENGINE=InnoDB DEFAULT CHARSET=utf8mb4 COLLATE=utf8mb4_unicode_ci;

-- --------------------------------------------------------

--
-- Структура таблицы `jobs`
--

CREATE TABLE `jobs` (
  `id` bigint(20) UNSIGNED NOT NULL,
  `queue` varchar(255) COLLATE utf8mb4_unicode_ci NOT NULL,
  `payload` longtext COLLATE utf8mb4_unicode_ci NOT NULL,
  `attempts` tinyint(3) UNSIGNED NOT NULL,
  `reserved_at` int(10) UNSIGNED DEFAULT NULL,
  `available_at` int(10) UNSIGNED NOT NULL,
  `created_at` int(10) UNSIGNED NOT NULL
) ENGINE=InnoDB DEFAULT CHARSET=utf8mb4 COLLATE=utf8mb4_unicode_ci;

-- --------------------------------------------------------

--
-- Структура таблицы `likes`
--

CREATE TABLE `likes` (
  `id` int(10) UNSIGNED NOT NULL,
  `user_id` int(10) UNSIGNED NOT NULL DEFAULT '0',
  `article_id` int(10) UNSIGNED NOT NULL DEFAULT '0',
  `created_at` timestamp NULL DEFAULT NULL,
  `updated_at` timestamp NULL DEFAULT NULL
) ENGINE=InnoDB DEFAULT CHARSET=utf8mb4 COLLATE=utf8mb4_unicode_ci;

--
-- Дамп данных таблицы `likes`
--

INSERT INTO `likes` (`id`, `user_id`, `article_id`, `created_at`, `updated_at`) VALUES
(1, 1, 1, NULL, NULL),
(2, 8, 1, NULL, NULL),
(9, 13, 1, '2017-04-29 13:47:26', '2017-04-29 13:47:26'),
(10, 13, 2, '2017-04-29 13:49:43', '2017-04-29 13:49:43'),
(11, 7, 2, '2017-04-29 14:05:35', '2017-04-29 14:05:35'),
(12, 7, 1, '2017-04-29 14:08:46', '2017-04-29 14:08:46'),
(13, 7, 4, '2017-04-29 14:41:41', '2017-04-29 14:41:41'),
(14, 7, 6, '2017-04-29 15:38:52', '2017-04-29 15:38:52'),
(15, 1, 2, '2017-05-25 08:49:56', '2017-05-25 08:49:56'),
(16, 1, 3, '2017-05-27 19:56:57', '2017-05-27 19:56:57'),
(17, 1, 4, '2017-05-27 19:57:24', '2017-05-27 19:57:24'),
(18, 47, 1, '2017-07-16 18:16:42', '2017-07-16 18:16:42');

-- --------------------------------------------------------

--
-- Структура таблицы `migrations`
--

CREATE TABLE `migrations` (
  `id` int(10) UNSIGNED NOT NULL,
  `migration` varchar(255) COLLATE utf8mb4_unicode_ci NOT NULL,
  `batch` int(11) NOT NULL
) ENGINE=InnoDB DEFAULT CHARSET=utf8mb4 COLLATE=utf8mb4_unicode_ci;

--
-- Дамп данных таблицы `migrations`
--

INSERT INTO `migrations` (`id`, `migration`, `batch`) VALUES
(1, '2014_10_12_000000_create_users_table', 1),
(2, '2014_10_12_100000_create_password_resets_table', 1),
(3, '2017_04_05_112152_create_menus_table', 2),
(4, '2017_04_05_112932_change_menus_table', 3),
(5, '2017_04_05_124748_change_menus_table2', 4),
(6, '2017_04_05_154537_change_menus_table3', 5),
(7, '2017_04_05_155154_change_menus_table4', 6),
(8, '2017_04_05_171632_change_menus_table5', 7),
(9, '2017_04_05_215043_create_brands_table', 8),
(12, '2017_04_05_220719_create_subbrands_table', 9),
(13, '2017_04_05_223518_change_subbrands_table2', 10),
(14, '2017_04_05_225532_change_subbrands_table3', 11),
(15, '2017_04_06_205230_create_slider_table', 12),
(16, '2017_04_06_210044_change_sliders_table', 13),
(17, '2017_04_07_082258_change_sliders_table2', 14),
(18, '2017_04_07_083052_change_sliders_table4', 15),
(19, '2017_04_07_091552_create_blocks_table', 16),
(20, '2017_04_07_091618_create_pages_table', 16),
(21, '2017_04_07_092556_create_block_page_table', 16),
(25, '2017_04_07_111913_create_mtypes_table', 17),
(26, '2017_04_07_111943_create_mitems_table', 17),
(27, '2017_04_07_114306_change_mtypes_table2', 18),
(28, '2017_04_08_183043_create_products_table', 19),
(30, '2017_04_08_191722_change_products_table', 20),
(31, '2017_04_08_195508_create_products_table2', 21),
(32, '2017_04_08_200031_change_products_table2', 22),
(33, '2017_04_09_204743_change_pages_table5', 23),
(34, '2017_04_09_214309_change_block_page_table2', 24),
(35, '2017_04_09_231015_change_blocks_table6', 25),
(38, '2017_04_11_093159_create_banners_table', 26),
(39, '2017_04_11_094441_change_banners_table', 27),
(40, '2017_04_11_114530_change_banners_table2', 28),
(41, '2017_04_12_133140_create_upcommings_table', 29),
(42, '2017_04_12_162031_change_upcommings_table', 30),
(43, '2017_04_14_182944_create_jobs_table', 31),
(44, '2017_04_15_200949_create_failed_jobs_table', 32),
(45, '2017_04_18_115526_change_users_table2', 33),
(46, '2017_04_20_092412_create_subscribers_table', 34),
(47, '2017_04_20_150727_create_categories_table', 35),
(48, '2017_04_20_151307_create_articles_table', 36),
(49, '2017_04_20_152159_change_articles_table', 37),
(50, '2017_04_22_104620_change_articles_table2', 38),
(51, '2017_04_23_122654_create_comments_table', 39),
(52, '2017_04_23_124718_change_comments_table', 40),
(53, '2017_04_23_203626_change_articles_table4', 41),
(54, '2017_04_26_194343_change_table_users5', 42),
(55, '2017_04_27_141505_change_users_table6', 43),
(56, '2017_04_27_141625_create_roles_table', 43),
(57, '2017_04_27_141736_create_permissions_table', 43),
(58, '2017_04_27_141949_create_permission_role_table', 43),
(59, '2017_04_27_142031_create_role_user_table', 43),
(60, '2017_04_27_142847_change_role_user_table', 44),
(61, '2017_04_27_142928_change_permission_role_table', 44),
(62, '2017_04_28_094131_create_likes_table', 45),
(63, '2017_04_28_094747_change_likes_table', 46),
(64, '2017_05_26_130945_change_products_table5', 47),
(65, '2017_06_06_110216_create_shoppingcart_table', 48),
(66, '2017_06_06_113223_entrust_setup_tables', 48),
(67, '2017_02_13_090952_geo', 49),
(68, '2017_07_04_101455_create_orders_table', 50),
(69, '2017_07_04_101622_create_deliveries_table', 50),
(70, '2017_07_04_101727_create_zakaz_tovar_table', 50),
(71, '2017_07_04_110442_change_orders_table', 51),
(72, '2017_07_04_124656_change_zakaz_tovar_table', 52),
(73, '2017_08_10_083332_change_pages_table7', 53),
(74, '2017_08_10_083722_change_pages_table8', 54);

-- --------------------------------------------------------

--
-- Структура таблицы `mitems`
--

CREATE TABLE `mitems` (
  `id` int(10) UNSIGNED NOT NULL,
  `title` varchar(255) COLLATE utf8mb4_unicode_ci DEFAULT NULL,
  `mtype_id` int(10) UNSIGNED NOT NULL,
  `created_at` timestamp NULL DEFAULT NULL,
  `updated_at` timestamp NULL DEFAULT NULL,
  `alias` varchar(255) COLLATE utf8mb4_unicode_ci NOT NULL
) ENGINE=InnoDB DEFAULT CHARSET=utf8mb4 COLLATE=utf8mb4_unicode_ci;

--
-- Дамп данных таблицы `mitems`
--

INSERT INTO `mitems` (`id`, `title`, `mtype_id`, `created_at`, `updated_at`, `alias`) VALUES
(3, 'Компания', 2, '2017-04-06 22:00:00', NULL, 'alfa'),
(4, 'Информация', 2, '2017-04-06 22:00:00', NULL, 'bravo'),
(5, 'Разное', 1, '2017-08-18 22:00:00', NULL, 'charlie');

-- --------------------------------------------------------

--
-- Структура таблицы `mtypes`
--

CREATE TABLE `mtypes` (
  `id` int(10) UNSIGNED NOT NULL,
  `name` varchar(255) COLLATE utf8mb4_unicode_ci DEFAULT NULL,
  `created_at` timestamp NULL DEFAULT NULL,
  `updated_at` timestamp NULL DEFAULT NULL
) ENGINE=InnoDB DEFAULT CHARSET=utf8mb4 COLLATE=utf8mb4_unicode_ci;

--
-- Дамп данных таблицы `mtypes`
--

INSERT INTO `mtypes` (`id`, `name`, `created_at`, `updated_at`) VALUES
(1, 'SINGLE', '2017-04-06 22:00:00', NULL),
(2, 'DROP_DOWN', '2017-04-06 22:00:00', NULL),
(3, 'BRANDS', '2017-04-06 22:00:00', NULL);

-- --------------------------------------------------------

--
-- Структура таблицы `orders`
--

CREATE TABLE `orders` (
  `id` int(10) UNSIGNED NOT NULL,
  `order_num` varchar(10) COLLATE utf8mb4_unicode_ci DEFAULT NULL,
  `prim` text COLLATE utf8mb4_unicode_ci,
  `status` tinyint(1) NOT NULL DEFAULT '0',
  `created_at` timestamp NULL DEFAULT NULL,
  `updated_at` timestamp NULL DEFAULT NULL,
  `user_id` int(10) UNSIGNED NOT NULL DEFAULT '0',
  `delivery_id` int(10) UNSIGNED NOT NULL DEFAULT '1',
  `shipping` float DEFAULT NULL,
  `order_total` float DEFAULT NULL
) ENGINE=InnoDB DEFAULT CHARSET=utf8mb4 COLLATE=utf8mb4_unicode_ci;

--
-- Дамп данных таблицы `orders`
--

INSERT INTO `orders` (`id`, `order_num`, `prim`, `status`, `created_at`, `updated_at`, `user_id`, `delivery_id`, `shipping`, `order_total`) VALUES
(39, 'P 00000039', NULL, 0, '2017-07-10 09:36:29', '2017-07-10 09:36:29', 36, 1, 250, 280),
(40, 'P 00000040', NULL, 0, '2017-07-10 13:25:24', '2017-07-10 13:25:24', 36, 1, 250, 1700),
(42, 'P 00000042', NULL, 0, '2017-07-11 06:13:33', '2017-07-11 06:13:33', 37, 1, 250, 4190),
(43, 'P 00000043', NULL, 1, '2017-07-11 12:36:50', '2017-07-11 12:36:50', 7, 1, 250, 1140),
(44, 'M 00000044', NULL, 0, '2017-07-11 15:32:59', '2017-07-11 15:32:59', 1, 1, 0, 2150),
(45, 'P 00000045', NULL, 0, '2017-07-11 15:51:40', '2017-07-11 15:51:40', 1, 1, 250, 280),
(46, 'P 00000046', NULL, 1, '2017-07-12 06:58:39', '2017-07-12 06:58:39', 7, 1, 250, 1120),
(47, 'P 00000047', NULL, 1, '2017-07-12 07:25:21', '2017-07-12 07:25:21', 7, 1, 250, 280),
(48, 'P 00000048', NULL, 0, '2017-07-12 07:36:12', '2017-07-12 07:36:12', 7, 1, 250, 1700),
(49, 'P 00000049', NULL, 0, '2017-07-12 07:41:46', '2017-07-12 07:41:46', 7, 1, 250, 3190),
(50, 'P 00000050', NULL, 0, '2017-07-14 12:01:05', '2017-07-14 12:01:05', 36, 1, 250, 360),
(65, 'P 00000065', 'ghjghj', 0, '2017-07-14 21:39:37', '2017-07-14 21:39:37', 44, 1, 250, 3190),
(67, 'P 00000067', NULL, 0, '2017-07-15 19:03:04', '2017-07-15 19:03:04', 45, 1, 250, 1310),
(69, 'P 00000069', NULL, 0, '2017-07-16 17:56:21', '2017-07-16 17:56:21', 46, 1, 250, 1370),
(71, 'P 00000071', NULL, 0, '2017-07-16 18:04:36', '2017-07-16 18:04:36', 47, 1, 250, 1160),
(72, 'P 00000072', NULL, 0, '2017-07-21 06:14:41', '2017-07-21 06:14:41', 1, 1, 250, 1510),
(73, 'P 00000073', NULL, 0, '2017-07-31 13:39:55', '2017-07-31 13:39:55', 1, 1, 250, 100),
(74, 'P 00000074', NULL, 0, '2017-08-02 06:31:56', '2017-08-02 06:31:56', 1, 1, 250, 170),
(75, 'P 00000075', NULL, 0, '2017-08-06 20:59:55', '2017-08-06 20:59:55', 1, 1, 250, 1820),
(76, 'P 00000076', NULL, 0, '2017-08-07 10:10:07', '2017-08-07 10:10:07', 7, 1, 250, 1180),
(77, 'P 00000077', NULL, 0, '2017-08-13 16:56:07', '2017-08-13 16:56:07', 1, 1, 250, 280),
(78, 'P 00000078', 'да живой я, живой!', 0, '2017-08-15 19:25:36', '2017-08-15 19:25:36', 7, 1, 250, 1190),
(79, 'P 00000079', NULL, 0, '2017-08-19 07:20:48', '2017-08-19 07:20:48', 1, 1, 250, 1120),
(80, 'P 00000080', NULL, 0, '2017-08-19 07:23:11', '2017-08-19 07:23:11', 1, 1, 250, 1120),
(81, 'P 00000081', NULL, 0, '2017-08-19 07:31:17', '2017-08-19 07:31:17', 1, 1, 250, 840),
(82, 'P 00000082', NULL, 0, '2017-08-19 07:39:11', '2017-08-19 07:39:11', 1, 1, 250, 840),
(83, 'P 00000083', NULL, 0, '2017-08-19 07:39:23', '2017-08-19 07:39:23', 1, 1, 250, 840),
(84, 'P 00000084', NULL, 0, '2017-08-19 07:39:57', '2017-08-19 07:39:57', 1, 1, 250, 840),
(85, 'P 00000085', NULL, 0, '2017-08-19 07:41:18', '2017-08-19 07:41:18', 1, 1, 250, 840),
(86, 'P 00000086', NULL, 0, '2017-08-19 07:42:38', '2017-08-19 07:42:38', 1, 1, 250, 840),
(87, 'P 00000087', NULL, 0, '2017-08-19 07:42:57', '2017-08-19 07:42:57', 1, 1, 250, 840),
(88, 'P 00000088', NULL, 0, '2017-08-19 07:44:20', '2017-08-19 07:44:20', 1, 1, 250, 840),
(89, 'P 00000089', NULL, 0, '2017-08-19 07:55:24', '2017-08-19 07:55:24', 1, 1, 250, 1010),
(90, 'P 00000090', NULL, 0, '2017-08-19 07:56:34', '2017-08-19 07:56:34', 1, 1, 250, 1010),
(91, 'P 00000091', NULL, 0, '2017-08-19 07:56:47', '2017-08-19 07:56:47', 1, 1, 250, 1010),
(92, 'P 00000092', NULL, 0, '2017-08-19 07:57:39', '2017-08-19 07:57:39', 1, 1, 250, 1010),
(93, 'P 00000093', NULL, 0, '2017-08-19 08:00:34', '2017-08-19 08:00:34', 1, 1, 250, 1010),
(94, 'P 00000094', NULL, 0, '2017-08-19 08:16:17', '2017-08-19 08:16:17', 1, 1, 250, 1010),
(95, 'P 00000095', NULL, 0, '2017-08-19 08:18:38', '2017-08-19 08:18:38', 1, 1, 250, 1010),
(96, 'P 00000096', NULL, 0, '2017-08-19 08:28:12', '2017-08-19 08:28:12', 1, 1, 250, 1010),
(97, 'P 00000097', NULL, 0, '2017-08-19 08:30:35', '2017-08-19 08:30:35', 1, 1, 250, 1010),
(98, 'P 00000098', NULL, 0, '2017-08-19 08:34:16', '2017-08-19 08:34:16', 1, 1, 250, 1010),
(99, 'P 00000099', NULL, 0, '2017-08-19 08:46:40', '2017-08-19 08:46:40', 1, 1, 250, 1010),
(100, 'P 00000100', NULL, 0, '2017-08-19 10:25:36', '2017-08-19 10:25:36', 1, 1, 250, 1400),
(101, 'P 00000101', NULL, 0, '2017-08-19 10:26:48', '2017-08-19 10:26:48', 1, 1, 250, 1400),
(102, 'P 00000102', NULL, 0, '2017-08-19 10:27:02', '2017-08-19 10:27:02', 1, 1, 250, 1400),
(103, 'P 00000103', NULL, 0, '2017-08-19 10:27:48', '2017-08-19 10:27:48', 1, 1, 250, 1400),
(104, 'P 00000104', NULL, 0, '2017-08-19 10:28:09', '2017-08-19 10:28:09', 1, 1, 250, 1400),
(105, 'P 00000105', NULL, 0, '2017-08-19 10:29:59', '2017-08-19 10:29:59', 1, 1, 250, 1400),
(106, 'P 00000106', NULL, 0, '2017-08-19 10:32:46', '2017-08-19 10:32:46', 1, 1, 250, 1400),
(107, 'P 00000107', 'После 18-00', 0, '2017-08-19 10:34:47', '2017-08-19 10:34:47', 1, 1, 250, 1400),
(108, 'P 00000108', 'После 18-00', 0, '2017-08-19 10:36:49', '2017-08-19 10:36:49', 1, 1, 250, 1400),
(109, 'M 00000109', 'Наша Маша больше вашей, нашей Маше 20 лет. Наша Маша вышла замуж, ваша Маша - еще нет...', 0, '2017-08-19 13:40:20', '2017-08-19 13:40:20', 1, 1, 0, 1400);

-- --------------------------------------------------------

--
-- Структура таблицы `pages`
--

CREATE TABLE `pages` (
  `id` int(10) UNSIGNED NOT NULL,
  `name` varchar(255) COLLATE utf8mb4_unicode_ci DEFAULT NULL,
  `alias` varchar(255) COLLATE utf8mb4_unicode_ci DEFAULT NULL,
  `created_at` timestamp NULL DEFAULT NULL,
  `updated_at` timestamp NULL DEFAULT NULL,
  `mitem_id` int(10) UNSIGNED NOT NULL DEFAULT '1',
  `permanent` enum('0','1') COLLATE utf8mb4_unicode_ci NOT NULL DEFAULT '0',
  `title` varchar(255) COLLATE utf8mb4_unicode_ci DEFAULT NULL,
  `text` text COLLATE utf8mb4_unicode_ci,
  `desc` text COLLATE utf8mb4_unicode_ci,
  `excerption` text COLLATE utf8mb4_unicode_ci,
  `img` varchar(255) COLLATE utf8mb4_unicode_ci DEFAULT NULL,
  `keywords` varchar(255) COLLATE utf8mb4_unicode_ci DEFAULT NULL,
  `meta_desc` varchar(255) COLLATE utf8mb4_unicode_ci DEFAULT NULL
) ENGINE=InnoDB DEFAULT CHARSET=utf8mb4 COLLATE=utf8mb4_unicode_ci;

--
-- Дамп данных таблицы `pages`
--

INSERT INTO `pages` (`id`, `name`, `alias`, `created_at`, `updated_at`, `mitem_id`, `permanent`, `title`, `text`, `desc`, `excerption`, `img`, `keywords`, `meta_desc`) VALUES
(1, 'Оплата', 'payment', '2017-04-06 22:00:00', NULL, 4, '0', 'Оплата', '<p>Равным образом постоянный количественный рост и сфера нашей активности способствует повышению актуальности форм воздействия! Соображения высшего порядка, а также консультация с профессионалами из IT влечет за собой процесс внедрения и модернизации позиций, занимаемых участниками в отношении поставленных задач. Таким образом, повышение уровня гражданского сознания требует от нас системного анализа новых предложений?</p><p>С другой стороны постоянный количественный рост и сфера нашей активности напрямую зависит от ключевых компонентов планируемого обновления. С другой стороны новая модель организационной деятельности напрямую зависит от позиций, занимаемых участниками в отношении поставленных задач! Практический опыт показывает, что новая модель организационной деятельности позволяет оценить значение ключевых компонентов планируемого обновления.</p><p>орогие друзья, постоянное информационно-техническое обеспечение нашей деятельности позволяет оценить значение позиций, занимаемых участниками в отношении поставленных задач! Таким образом, курс на социально-ориентированный национальный проект способствует повышению актуальности системы масштабного изменения ряда параметров? С другой стороны новая модель организационной деятельности требует от нас анализа системы обучения кадров, соответствующей насущным потребностям! </p><p>Задача организации, в особенности же постоянный количественный рост и сфера нашей активности играет важную роль в формировании соответствующих условий активизации? Повседневная практика показывает, что постоянный количественный рост и сфера нашей активности способствует подготовке и реализации системы обучения кадров, соответствующей насущным потребностям</p>', '<p>Задача организации, в особенности же постоянный количественный рост и сфера нашей активности играет важную роль в формировании соответствующих условий активизации? Повседневная практика показывает, что постоянный количественный рост и сфера нашей активности способствует подготовке и реализации системы обучения кадров, соответствующей насущным потребностям</p>', 'Разнообразный и богатый опыт сложившаяся структура организации требует от нас анализа соответствующих условий активизации. Дорогие друзья, выбранный нами инновационный путь создаёт предпосылки качественно новых шагов для экономической целесообразности принимаемых решений? Значимость этих проблем настолько очевидна, что дальнейшее развитие различных форм деятельности напрямую зависит от форм воздействия. Таким образом, социально-экономическое развитие представляет собой интересный эксперимент проверки дальнейших направлений развития проекта!', '{\"mini\":\"46.jpg \",\"max\":\"116.jpg \"}', NULL, NULL),
(2, 'Доставка', 'delivery', '2017-04-06 22:00:00', NULL, 4, '0', 'Доставка товара', '<p>Практический опыт показывает, что социально-экономическое развитие играет важную роль в формировании существующих финансовых и административных условий. Таким образом, постоянное информационно-техническое обеспечение нашей деятельности требует от нас анализа направлений прогрессивного развития? Повседневная практика показывает, что дальнейшее развитие различных форм деятельности в значительной степени обуславливает создание форм воздействия</p><p>Таким образом, новая модель организационной деятельности способствует повышению актуальности всесторонне сбалансированных нововведений. Равным образом дальнейшее развитие различных форм деятельности способствует подготовке и реализации дальнейших направлений развитая системы массового...</p><p>Дорогие друзья, социально-экономическое развитие позволяет выполнить важнейшие задания по разработке экономической целесообразности принимаемых решений. Дорогие друзья, выбранный нами инновационный путь в значительной степени обуславливает создание соответствующих условий активизации.</p>', '<p>Дорогие друзья, социально-экономическое развитие позволяет выполнить важнейшие задания по разработке экономической целесообразности принимаемых решений. Дорогие друзья, выбранный нами инновационный путь в значительной степени обуславливает создание соответствующих условий активизации.</p>', '<p>Модель организационной деятельности способствует повышению актуальности всесторонне сбалансированных нововведений. Равным образом дальнейшее развитие различных форм деятельности способствует подготовке и реализации дальнейших направлений развитая системы массового...</p><p>\r\nТаким образом, постоянное информационно-техническое обеспечение нашей деятельности требует от нас анализа направлений прогрессивного развития? Повседневная практика показывает, что дальнейшее развитие различных форм деятельности в значительной степени обуславливает создание форм...<p>', '{\"mini\":\"43.jpg \",\"max\":\"113.jpg \"}', NULL, NULL),
(3, 'О нас', 'about', '2017-07-31 22:00:00', NULL, 3, '0', 'О нас', '<p>Не следует, однако забывать, что начало повседневной работы по формированию позиции представляет собой интересный эксперимент проверки системы обучения кадров, соответствует насущным потребностям. Товарищи! начало повседневной работы по формированию позиции способствует подготовки и реализации направлений прогрессивного развития.</p><p>Таким образом реализация намеченных плановых заданий способствует подготовки и реализации модели развития. Не следует, однако забывать, что консультация с широким активом позволяет выполнять важные задания по разработке дальнейших направлений развития. Разнообразный и богатый опыт постоянное информационно-пропагандистское обеспечение нашей деятельности способствует подготовки и реализации соответствующий условий активизации.</p>\r\n<p>Равным образом рамки и место обучения кадров представляет собой интересный эксперимент проверки новых предложений. Разнообразный и богатый опыт укрепление и развитие структуры позволяет выполнять важные задания по разработке существенных финансовых и административных условий.</p>', '<p>Товарищи! сложившаяся структура организации обеспечивает широкому кругу (специалистов) участие в формировании системы обучения кадров, соответствует насущным потребностям</p><p>Задача организации, в особенности же начало повседневной работы по формированию позиции позволяет оценить значение форм развития.</p>', 'Идейные соображения высшего порядка, а также постоянное информационно-пропагандистское обеспечение нашей деятельности позволяет выполнять важные задания по разработке системы обучения кадров, соответствует насущным потребностям.', '{\"mini\":\"42.jpg \",\"max\":\"112.jpg \"}', 'about_keywords', 'about_meta_desc'),
(4, 'Контактная информация', 'contacts', '2017-08-09 22:00:00', NULL, 3, '0', 'Контактная информация', '<p>Задача организации, в особенности же начало повседневной работы по формированию позиции позволяет оценить значение форм развития.</p><p>Товарищи! сложившаяся структура организации обеспечивает широкому кругу (специалистов) участие в формировании системы обучения кадров, соответствует насущным потребностям.</p><p>Равным образом рамки и место обучения кадров представляет собой интересный эксперимент проверки новых предложений. Разнообразный и богатый опыт укрепление и развитие структуры позволяет выполнять важные задания по разработке существенных финансовых и административных условий. Задача организации, в особенности же начало повседневной работы по формированию позиции позволяет оценить значение форм развития.</p>', '<p>Не следует, однако забывать, что начало повседневной работы по формированию позиции представляет собой интересный эксперимент проверки системы обучения кадров, соответствует насущным потребностям. Товарищи! начало повседневной работы по формированию позиции способствует подготовки и реализации направлений прогрессивного развития.</p>', 'Разнообразный и богатый опыт укрепление и развитие структуры обеспечивает широкому кругу (специалистов) участие в формировании систем массового участия.', '{\"mini\":\"52.jpg \",\"max\":\"122.jpg \"}', 'contacts_keywords', 'contacts_meta_desc'),
(5, 'Главная', 'home', '2017-04-08 22:00:00', NULL, 1, '1', NULL, NULL, NULL, NULL, NULL, NULL, NULL),
(6, 'Магазин', 'brands', '2017-04-08 22:00:00', NULL, 2, '1', NULL, NULL, NULL, NULL, NULL, NULL, NULL),
(7, 'Блог', 'blog', '2017-04-20 22:00:00', NULL, 1, '1', NULL, NULL, NULL, NULL, NULL, NULL, NULL),
(8, 'Разное', 'charlie', '2017-08-09 22:00:00', NULL, 5, '0', 'Разное', '<p>Не следует, однако забывать, что начало повседневной работы по формированию позиции представляет собой интересный эксперимент проверки системы обучения кадров, соответствует насущным потребностям.</p><p>Товарищи! сложившаяся структура организации обеспечивает широкому кругу (специалистов) участие в формировании системы обучения кадров, соответствует насущным потребностям.</p><p>Таким образом реализация намеченных плановых заданий способствует подготовки и реализации модели развития. Не следует, однако забывать, что консультация с широким активом позволяет выполнять важные задания по разработке дальнейших направлений развития. </p>', '<p>Таким образом, начало повседневной работы по формированию позиции представляет собой интересный эксперимент проверки системы обучения кадров, соответствует насущным потребностям. Товарищи! начало повседневной работы по формированию позиции способствует подготовки и реализации направлений прогрессивного развития.</p>', 'Повседневная практика показывает, что сложившаяся структура организации позволяет оценить значение соответствующий условий активизации. ', '{\"mini\":\"41.jpg \",\"max\":\"111.jpg \"}', 'other_keywords', 'other_meta_desc'),
(9, 'Компания', 'alfa', '2017-08-17 22:00:00', NULL, 3, '0', NULL, NULL, NULL, NULL, NULL, NULL, NULL),
(10, 'Информация', 'bravo', NULL, NULL, 4, '0', NULL, NULL, NULL, NULL, NULL, NULL, NULL);

-- --------------------------------------------------------

--
-- Структура таблицы `password_resets`
--

CREATE TABLE `password_resets` (
  `email` varchar(255) COLLATE utf8mb4_unicode_ci NOT NULL,
  `token` varchar(255) COLLATE utf8mb4_unicode_ci NOT NULL,
  `created_at` timestamp NULL DEFAULT NULL
) ENGINE=InnoDB DEFAULT CHARSET=utf8mb4 COLLATE=utf8mb4_unicode_ci;

--
-- Дамп данных таблицы `password_resets`
--

INSERT INTO `password_resets` (`email`, `token`, `created_at`) VALUES
('elvi1234@yandex.ru', '$2y$10$2D9tYlFqh8.ZEJ3t0a67deK.FA/USONw2Ig/PygTjCPm8fzDWdCj6', '2017-07-11 08:22:14');

-- --------------------------------------------------------

--
-- Структура таблицы `permissions`
--

CREATE TABLE `permissions` (
  `id` int(10) UNSIGNED NOT NULL,
  `name` varchar(255) COLLATE utf8mb4_unicode_ci NOT NULL,
  `display_name` varchar(255) COLLATE utf8mb4_unicode_ci DEFAULT NULL,
  `description` varchar(255) COLLATE utf8mb4_unicode_ci DEFAULT NULL,
  `created_at` timestamp NULL DEFAULT NULL,
  `updated_at` timestamp NULL DEFAULT NULL
) ENGINE=InnoDB DEFAULT CHARSET=utf8mb4 COLLATE=utf8mb4_unicode_ci;

--
-- Дамп данных таблицы `permissions`
--

INSERT INTO `permissions` (`id`, `name`, `display_name`, `description`, `created_at`, `updated_at`) VALUES
(29, 'make-shopping', NULL, NULL, '2017-06-07 17:17:26', '2017-06-07 17:17:26'),
(30, 'make-comments', NULL, NULL, '2017-06-07 17:17:26', '2017-06-07 17:17:26'),
(31, 'make-articles', NULL, NULL, '2017-06-07 17:17:26', '2017-06-07 17:17:26'),
(32, 'edit-site', NULL, NULL, '2017-06-07 17:17:26', '2017-06-07 17:17:26');

-- --------------------------------------------------------

--
-- Структура таблицы `permission_role`
--

CREATE TABLE `permission_role` (
  `permission_id` int(10) UNSIGNED NOT NULL,
  `role_id` int(10) UNSIGNED NOT NULL
) ENGINE=InnoDB DEFAULT CHARSET=utf8mb4 COLLATE=utf8mb4_unicode_ci;

--
-- Дамп данных таблицы `permission_role`
--

INSERT INTO `permission_role` (`permission_id`, `role_id`) VALUES
(29, 33),
(29, 34),
(30, 34),
(29, 35),
(30, 35),
(31, 35),
(29, 36),
(30, 36),
(31, 36),
(32, 36);

-- --------------------------------------------------------

--
-- Структура таблицы `products`
--

CREATE TABLE `products` (
  `id` int(10) UNSIGNED NOT NULL,
  `name` varchar(255) COLLATE utf8mb4_unicode_ci DEFAULT NULL,
  `subbrand_id` int(10) UNSIGNED NOT NULL,
  `articul` varchar(255) COLLATE utf8mb4_unicode_ci DEFAULT NULL,
  `images` varchar(255) COLLATE utf8mb4_unicode_ci DEFAULT NULL,
  `img_slide` varchar(255) COLLATE utf8mb4_unicode_ci DEFAULT NULL,
  `price` float DEFAULT NULL,
  `old_price` float DEFAULT NULL,
  `anons` text COLLATE utf8mb4_unicode_ci,
  `content` text COLLATE utf8mb4_unicode_ci,
  `visible` enum('0','1') COLLATE utf8mb4_unicode_ci NOT NULL DEFAULT '1',
  `available` enum('0','1') COLLATE utf8mb4_unicode_ci NOT NULL DEFAULT '1',
  `hits` enum('0','1') COLLATE utf8mb4_unicode_ci NOT NULL DEFAULT '0',
  `new` enum('0','1') COLLATE utf8mb4_unicode_ci NOT NULL DEFAULT '0',
  `sale` enum('0','1') COLLATE utf8mb4_unicode_ci NOT NULL DEFAULT '0',
  `spec` enum('0','1') COLLATE utf8mb4_unicode_ci NOT NULL DEFAULT '0',
  `wish` enum('0','1') COLLATE utf8mb4_unicode_ci NOT NULL DEFAULT '0',
  `created_at` timestamp NULL DEFAULT NULL,
  `updated_at` timestamp NULL DEFAULT NULL,
  `techs` text COLLATE utf8mb4_unicode_ci
) ENGINE=InnoDB DEFAULT CHARSET=utf8mb4 COLLATE=utf8mb4_unicode_ci;

--
-- Дамп данных таблицы `products`
--

INSERT INTO `products` (`id`, `name`, `subbrand_id`, `articul`, `images`, `img_slide`, `price`, `old_price`, `anons`, `content`, `visible`, `available`, `hits`, `new`, `sale`, `spec`, `wish`, `created_at`, `updated_at`, `techs`) VALUES
(1, 'Лягушка задумчивая', 1, '0042', '{\"70x78\":\"4.jpg \",\"100x111\":\"1.jpg\",\"270x270\":\"1.jpg\",\"270x300\":\"11.jpg\",\"365x485\":\"11.jpg\"}', '1l.jpg|2l.jpg|3l.jpg|4l.jpg|5l.jpg|6l.jpg', 280, 0, 'Янтарь, латунь 4 см.', 'There are many variations of passages of Lorem', '1', '1', '1', '1', '1', '0', '0', '2017-04-01 22:00:00', NULL, NULL),
(2, 'Лягушка-синеглазка', 1, '2-022', '{\"70x78\":\"4.jpg \",\"100x111\":\"2.jpg\",\"270x270\":\"2.jpg\",\"270x300\":\"12.jpg\",\"365x485\":\"12.jpg\"}', '2l.jpg', 170, 200, 'Янтарь, латунь 2 см.', 'There are many variations of passages of Lorem Ipsum available, but the majo Rity have be suffered alteration in some form, by injected humou or randomis Rity have be suffered alteration in some form, by injected humou or randomis words which donot look even slightly believable. If you are going to use a passage Lorem Ipsum.', '1', '1', '1', '0', '1', '0', '0', '2017-04-07 22:00:00', NULL, NULL),
(3, 'Лягушонок сидячий', 1, '1-014', '{\"70x78\":\"4.jpg \",\"100x111\":\"3.jpg\",\"270x270\":\"3.jpg\",\"270x300\":\"13.jpg\",\"365x485\":\"13.jpg\"}', NULL, 80, NULL, 'Янтарь, латунь 3 см.', 'rerum blanditiis dolore dignissimos expedita consequatur deleniti consectetur non exercitationem. rerum blanditiis dolore dignissimos expedita consequatur deleniti consectetur non exercitationem.', '1', '0', '1', '1', '0', '0', '0', '2017-04-07 22:00:00', NULL, NULL),
(4, 'Лягушонок на листе', 1, '1-015', '{\"70x78\":\"4.jpg \",\"100x111\":\"4.jpg\",\"270x270\":\"4.jpg\",\"270x300\":\"14.jpg\",\"365x485\":\"14.jpg\"}', NULL, 100, NULL, 'Янтарь, латунь 4 см.', 'When an unknown printer took a galley of type and If you are going to use a passage of Lorem Ipsum scrambled it to make.', '1', '0', '0', '1', '1', '0', '0', '2017-04-07 22:00:00', NULL, NULL),
(5, 'Лягушка с бантиком', 1, '2-112', '{\"70x78\":\"4.jpg \",\"100x111\":\"5.jpg\",\"270x270\":\"5.jpg\",\"270x300\":\"15.jpg\",\"365x485\":\"15.jpg\"}', '3l.jpg', 190, NULL, 'Янтарь, латунь 2 см.', 'When an unknown printer took a galley of type and If you are going to use a passage of Lorem Ipsum scrambled it to make.', '1', '1', '1', '0', '1', '1', '0', '2017-04-07 22:00:00', NULL, NULL),
(6, 'Лягушонок на листе - 2', 2, '1-015', '{\"70x78\":\"4.jpg \",\"100x111\":\"6.jpg\",\"270x270\":\"6.jpg\",\"270x300\":\"16.jpg\",\"365x485\":\"11.jpg\"}', NULL, 100, NULL, 'Янтарь, латунь 4 см.', 'When an unknown printer took a galley of type and If you are going to use a passage of Lorem Ipsum scrambled it to make.', '1', '1', '0', '1', '1', '0', '0', '2017-04-07 22:00:00', NULL, NULL),
(7, 'Лягушонок сидячий - 2', 14, '1-014', '{\"70x78\":\"4.jpg \",\"100x111\":\"3.jpg\",\"270x270\":\"3.jpg\",\"270x300\":\"13.jpg\",\"365x485\":\"11.jpg\"}', NULL, 80, NULL, 'Янтарь, латунь 3 см.', 'rerum blanditiis dolore dignissimos expedita consequatur deleniti consectetur non exercitationem. rerum blanditiis dolore dignissimos expedita consequatur deleniti consectetur non exercitationem.', '1', '1', '1', '0', '1', '0', '0', '2017-04-07 22:00:00', NULL, NULL),
(8, 'Лягушка-синеглазка - 2', 7, '2-022', '{\"70x78\":\"4.jpg \",\"100x111\":\"2.jpg\",\"270x270\":\"2.jpg\",\"270x300\":\"12.jpg\",\"365x485\":\"11.jpg\"}', NULL, 170, NULL, 'Янтарь, латунь 2 см.', 'There are many variations of passages of Lorem Ipsum available, but the majo Rity have be suffered alteration in some form, by injected humou or randomis Rity have be suffered alteration in some form, by injected humou or randomis words which donot look even slightly believable. If you are going to use a passage Lorem Ipsum.', '1', '1', '1', '1', '0', '0', '0', '2017-04-07 22:00:00', NULL, NULL),
(9, 'Лягушка на шарике', 1, '2-112', '{\"70x78\":\"4.jpg \",\"100x111\":\"7.jpg\",\"270x270\":\"7.jpg\",\"270x300\":\"17.jpg\",\"365x485\":\"11.jpg\"}', NULL, 190, NULL, 'Янтарь, латунь 2,5 см.', 'When an unknown printer took a galley of type and If you are going to use a passage of Lorem Ipsum scrambled it to make.', '1', '1', '1', '1', '1', '1', '0', '2017-04-07 22:00:00', NULL, NULL);

-- --------------------------------------------------------

--
-- Структура таблицы `roles`
--

CREATE TABLE `roles` (
  `id` int(10) UNSIGNED NOT NULL,
  `name` varchar(255) COLLATE utf8mb4_unicode_ci NOT NULL,
  `display_name` varchar(255) COLLATE utf8mb4_unicode_ci DEFAULT NULL,
  `description` varchar(255) COLLATE utf8mb4_unicode_ci DEFAULT NULL,
  `created_at` timestamp NULL DEFAULT NULL,
  `updated_at` timestamp NULL DEFAULT NULL
) ENGINE=InnoDB DEFAULT CHARSET=utf8mb4 COLLATE=utf8mb4_unicode_ci;

--
-- Дамп данных таблицы `roles`
--

INSERT INTO `roles` (`id`, `name`, `display_name`, `description`, `created_at`, `updated_at`) VALUES
(33, 'guest', NULL, NULL, '2017-06-07 17:17:26', '2017-06-07 17:17:26'),
(34, 'commenter', NULL, NULL, '2017-06-07 17:17:26', '2017-06-07 17:17:26'),
(35, 'editor', NULL, NULL, '2017-06-07 17:17:26', '2017-06-07 17:17:26'),
(36, 'admin', NULL, NULL, '2017-06-07 17:17:26', '2017-06-07 17:17:26');

-- --------------------------------------------------------

--
-- Структура таблицы `role_user`
--

CREATE TABLE `role_user` (
  `user_id` int(10) UNSIGNED NOT NULL,
  `role_id` int(10) UNSIGNED NOT NULL
) ENGINE=InnoDB DEFAULT CHARSET=utf8mb4 COLLATE=utf8mb4_unicode_ci;

--
-- Дамп данных таблицы `role_user`
--

INSERT INTO `role_user` (`user_id`, `role_id`) VALUES
(7, 33),
(9, 33),
(13, 33),
(36, 33),
(37, 33),
(44, 33),
(45, 33),
(46, 33),
(47, 33),
(1, 34),
(7, 34),
(8, 34),
(13, 34),
(36, 34),
(37, 34),
(44, 34),
(45, 34),
(46, 34),
(47, 34),
(1, 35),
(7, 35),
(8, 35),
(1, 36),
(7, 36);

-- --------------------------------------------------------

--
-- Структура таблицы `shoppingcart`
--

CREATE TABLE `shoppingcart` (
  `identifier` varchar(255) COLLATE utf8mb4_unicode_ci NOT NULL,
  `instance` varchar(255) COLLATE utf8mb4_unicode_ci NOT NULL,
  `content` longtext COLLATE utf8mb4_unicode_ci NOT NULL,
  `created_at` timestamp NULL DEFAULT NULL,
  `updated_at` timestamp NULL DEFAULT NULL
) ENGINE=InnoDB DEFAULT CHARSET=utf8mb4 COLLATE=utf8mb4_unicode_ci;

-- --------------------------------------------------------

--
-- Структура таблицы `sliders`
--

CREATE TABLE `sliders` (
  `id` int(10) UNSIGNED NOT NULL,
  `price_text` varchar(255) COLLATE utf8mb4_unicode_ci DEFAULT NULL,
  `h1_text` varchar(255) COLLATE utf8mb4_unicode_ci DEFAULT NULL,
  `h2_text` varchar(255) COLLATE utf8mb4_unicode_ci DEFAULT NULL,
  `text` varchar(255) COLLATE utf8mb4_unicode_ci DEFAULT NULL,
  `button_text` varchar(255) COLLATE utf8mb4_unicode_ci DEFAULT NULL,
  `images` varchar(255) COLLATE utf8mb4_unicode_ci DEFAULT NULL,
  `created_at` timestamp NULL DEFAULT NULL,
  `updated_at` timestamp NULL DEFAULT NULL
) ENGINE=InnoDB DEFAULT CHARSET=utf8mb4 COLLATE=utf8mb4_unicode_ci;

--
-- Дамп данных таблицы `sliders`
--

INSERT INTO `sliders` (`id`, `price_text`, `h1_text`, `h2_text`, `text`, `button_text`, `images`, `created_at`, `updated_at`) VALUES
(1, 'Новая цена : 866 &#8381;', 'новое существо', 'Малыш Боб', 'Всегда дружелюбен, спокоен. Лучший друг для ваших детей.', 'Купить прямо сейчас', 'layer-4.png', '2017-04-05 22:00:00', NULL),
(2, 'самый-самые', 'последние поступления', 'sad mimy', 'Вполне адаптированный к современным реалиям экземпляр.', 'Заказать now', 'layer-3.png', '2017-04-05 22:00:00', NULL),
(3, 'Красная цена: 1 &#8381;', 'Опять нажрался', 'Пьяный Дружок', 'Вообще-то он никогда буйным не бывает, даже наоборот, - добрый-добрый. Когда не спит, все норовит в морду лизнуть.', 'Заберите, а?', 'layer-5.png', '2017-04-05 22:00:00', NULL);

-- --------------------------------------------------------

--
-- Структура таблицы `subbrands`
--

CREATE TABLE `subbrands` (
  `id` int(10) UNSIGNED NOT NULL,
  `name` varchar(255) COLLATE utf8mb4_unicode_ci DEFAULT NULL,
  `alias` varchar(255) COLLATE utf8mb4_unicode_ci DEFAULT NULL,
  `created_at` timestamp NULL DEFAULT NULL,
  `updated_at` timestamp NULL DEFAULT NULL,
  `brand_id` int(10) UNSIGNED NOT NULL DEFAULT '1',
  `images` varchar(255) COLLATE utf8mb4_unicode_ci DEFAULT NULL
) ENGINE=InnoDB DEFAULT CHARSET=utf8mb4 COLLATE=utf8mb4_unicode_ci;

--
-- Дамп данных таблицы `subbrands`
--

INSERT INTO `subbrands` (`id`, `name`, `alias`, `created_at`, `updated_at`, `brand_id`, `images`) VALUES
(1, 'Лягушки', 'frogs', '2017-04-05 22:00:00', NULL, 1, NULL),
(2, 'Кошки', 'cats', '2017-04-05 22:00:00', NULL, 1, NULL),
(3, 'Собаки', 'dogs', '2017-04-05 22:00:00', NULL, 1, NULL),
(4, 'Совы, филины', 'owls', '2017-04-04 22:00:00', NULL, 1, NULL),
(5, 'Лягушки', 'frogs', '2017-04-05 22:00:00', NULL, 2, NULL),
(6, 'Кошки', 'cats', '2017-04-05 22:00:00', NULL, 2, NULL),
(7, 'Наперстки', 'thimbles', '2017-04-05 22:00:00', NULL, 4, NULL),
(10, 'Серьги', 'earrings', NULL, NULL, 3, NULL),
(11, 'Кольца', 'rings', '2017-04-05 22:00:00', NULL, 3, NULL),
(13, 'Птицы', 'birds', '2017-04-05 22:00:00', NULL, 1, NULL),
(14, 'Колокольчики', 'bells', '2017-04-05 22:00:00', NULL, 4, NULL);

-- --------------------------------------------------------

--
-- Структура таблицы `subscribers`
--

CREATE TABLE `subscribers` (
  `id` int(10) UNSIGNED NOT NULL,
  `email` varchar(255) COLLATE utf8mb4_unicode_ci NOT NULL,
  `confirmed` tinyint(1) NOT NULL DEFAULT '0',
  `token` varchar(254) COLLATE utf8mb4_unicode_ci DEFAULT NULL,
  `created_at` timestamp NULL DEFAULT NULL,
  `updated_at` timestamp NULL DEFAULT NULL
) ENGINE=InnoDB DEFAULT CHARSET=utf8mb4 COLLATE=utf8mb4_unicode_ci;

--
-- Дамп данных таблицы `subscribers`
--

INSERT INTO `subscribers` (`id`, `email`, `confirmed`, `token`, `created_at`, `updated_at`) VALUES
(3, 'iv.garin@gmail.com', 1, '', '2017-04-20 09:38:03', '2017-04-20 10:27:46'),
(6, 'ghj@mail.ru', 0, 'rSvdaW9QVfUf7FCjr3MBI4SQR', '2017-04-20 10:10:43', '2017-04-20 10:10:43'),
(8, 'givi.koenig@ya.ru', 1, '', '2017-04-20 10:31:03', '2017-04-20 10:32:49'),
(11, 'kl@mail.ru', 0, 'OfwQrRdvykkWTGhznbYAqOzWs', '2017-04-20 11:01:32', '2017-04-20 11:01:32'),
(12, 'dura@mail.ru', 1, '', '2017-04-20 11:10:51', '2017-04-20 11:11:12'),
(13, 'buba@mail.ru', 1, '', '2017-04-20 11:15:35', '2017-04-20 11:16:02');

-- --------------------------------------------------------

--
-- Структура таблицы `upcommings`
--

CREATE TABLE `upcommings` (
  `id` int(10) UNSIGNED NOT NULL,
  `img_362x350` varchar(255) COLLATE utf8mb4_unicode_ci DEFAULT NULL,
  `title` varchar(255) COLLATE utf8mb4_unicode_ci DEFAULT NULL,
  `text` text COLLATE utf8mb4_unicode_ci,
  `until_date` timestamp NOT NULL,
  `banner_text` text COLLATE utf8mb4_unicode_ci,
  `banner_image` varchar(255) COLLATE utf8mb4_unicode_ci DEFAULT NULL,
  `created_at` timestamp NULL DEFAULT NULL,
  `updated_at` timestamp NULL DEFAULT NULL,
  `product_id` int(10) UNSIGNED NOT NULL DEFAULT '1'
) ENGINE=InnoDB DEFAULT CHARSET=utf8mb4 COLLATE=utf8mb4_unicode_ci;

--
-- Дамп данных таблицы `upcommings`
--

INSERT INTO `upcommings` (`id`, `img_362x350`, `title`, `text`, `until_date`, `banner_text`, `banner_image`, `created_at`, `updated_at`, `product_id`) VALUES
(1, '3.jpg', 'Новая линейка кроликов', 'Что-то такое неожиданное, что-то такое неожиданное, что-то такое неожиданное, что-то такое неожиданное, что-то такое неожиданное, что-то такое неожиданное. ', '2017-09-29 22:00:00', 'Наша Маша больше Вашей, нашей Маше 20 лет. Наша Маша вышла замуж, Ваша Маша - еще нет.', '7.jpg', '2017-04-11 22:00:00', NULL, 4);

-- --------------------------------------------------------

--
-- Структура таблицы `users`
--

CREATE TABLE `users` (
  `id` int(10) UNSIGNED NOT NULL,
  `name` varchar(255) COLLATE utf8mb4_unicode_ci DEFAULT NULL,
  `fio` varchar(255) COLLATE utf8mb4_unicode_ci DEFAULT NULL,
  `email` varchar(255) COLLATE utf8mb4_unicode_ci NOT NULL,
  `phone` varchar(255) COLLATE utf8mb4_unicode_ci DEFAULT NULL,
  `address` text COLLATE utf8mb4_unicode_ci,
  `password` varchar(255) COLLATE utf8mb4_unicode_ci DEFAULT NULL,
  `remember_token` varchar(100) COLLATE utf8mb4_unicode_ci DEFAULT NULL,
  `created_at` timestamp NULL DEFAULT NULL,
  `updated_at` timestamp NULL DEFAULT NULL,
  `confirmed` tinyint(1) NOT NULL DEFAULT '0',
  `token` varchar(254) COLLATE utf8mb4_unicode_ci DEFAULT NULL,
  `avatar` varchar(255) COLLATE utf8mb4_unicode_ci DEFAULT NULL,
  `login` varchar(50) COLLATE utf8mb4_unicode_ci DEFAULT NULL
) ENGINE=InnoDB DEFAULT CHARSET=utf8mb4 COLLATE=utf8mb4_unicode_ci;

--
-- Дамп данных таблицы `users`
--

INSERT INTO `users` (`id`, `name`, `fio`, `email`, `phone`, `address`, `password`, `remember_token`, `created_at`, `updated_at`, `confirmed`, `token`, `avatar`, `login`) VALUES
(1, 'Иван Гарин', 'Гарин Иван Викторович', 'iv.garin@gmail.com', '+7 (911) 469-90-71', '109444, обл. Московская, г. Москва, ул. Ташкентская, д. 14к4, кв.14', '$2y$10$aLHohOfEh6anyrD2nttYluOtsuTgb2Z9ti3PJhxLwq69VqvSMBfdC', '21I25Jwf8BusLEVerEllk6C3LmKRhKE3v7VacDducxCI9wLwpSk9imMpIyhM', '2017-04-04 13:07:30', '2017-08-19 13:40:20', 1, NULL, 'ivan_g.jpg', 'egs'),
(7, 'GiViK', 'Гарин И.В.', 'givi.koenig@ya.ru', '+7 (906) 231-72-43', '238300, обл. Калининградская, г. Гурьевск, ул. Прохладная, д. 9, кв.51', '$2y$10$lmZ4kO24vVpO1xv.XWS2uuD9XCkp9yZgba.Hf0rf7YLwiWbSbyD4e', 'xxf7uzBis0qRpcykocKOfYhDsxr7paFMwj9gcuVc4J9FlFXrgehRJLxqxmqs', '2017-04-20 11:31:20', '2017-08-15 19:25:36', 1, '', '9toVjrJf.jpg', 'givik'),
(8, 'Nick', NULL, 'nick@mail.ru', NULL, NULL, '$2y$10$OoKDa9.suAKJApF870BQ.eZkmMXqHfLlOvnIAqaLwea6RkgY5pCt.', '1uwJshqvZVHR4Tv7ivdRpVylBgzh1t49YYlswpzkgTZM1mD5s32uOoMkUZd6', '2017-04-22 17:47:54', '2017-04-22 17:48:37', 1, '', NULL, 'nick'),
(9, 'C.C.', NULL, 'susu@mail.ru', NULL, NULL, '$2y$10$SdYEfXtpwb516ftXWop3I.IMtM4lpheHwvRuWCxx1c4DtwYDD7QlO', NULL, '2017-04-23 07:32:08', '2017-04-23 19:02:20', 1, '', 'cc.jpg', 'c.c.'),
(13, 'Семен', NULL, 'semen@mail.ru', NULL, NULL, '$2y$10$RpxWbbaNzYxj1Jd/FsaOmemXXQr2RmJCUrhfRHX4PZ4PtNEL9veDS', 'bEGS4OFKp1m5T6iRMEg3I4m92cy7SY4eaGCadd0iAmkb6rNKEnbDdPM4jsUy', '2017-04-27 13:22:37', '2017-04-27 13:23:11', 1, '', NULL, 'semen'),
(36, 'elvi', 'Прахова Елена Викторовна', 'elvi1234@yandex.ru', '+7 (911) 865-13-84', '238300, обл. Калининградская, г. Гурьевск, снт. СНТ Урожай, д.70', '$2y$10$xSeUzB3wMRsBk4/XLaStPOSbjNcYty8T02ip60PYCZPixZIIgA1iC', 'gIcMDo30kRdwCt0UGaDrHS024eCiSItLRrTNXRdGMQvFy1NM3Fm2XZwwcQup', '2017-07-10 07:41:56', '2017-07-14 12:01:05', 1, '', 'Qu0LHbMm.jpg', NULL),
(37, 'lyubina', 'Любина Клавдия Кузьминична', 'lyubina@mail.ru', '+7 (999) 999-99-99', '155804, обл. Ивановская, г. Кинешма, ул. Володарского, 10', '$2y$10$C5QJyEHL3cZwhOPsB9PdL.qPstluDehtxgA4DT68oI0wbzMoBsqqq', 'OXWlKBidEfaLoMrg98GwJQ2sUx103Na9u6c9oVunt5wXKBEpnKDJiOD4zF06', '2017-07-11 06:13:15', '2017-07-11 06:20:20', 1, '', NULL, NULL),
(44, 'van', 'Ivan', 'van@mail.ru', '+7 (906) 231-72-43', '238300, обл. Калининградская, г. Гурьевск, ул. Прохладная, д. 9, кв.51', '$2y$10$dSVsgdG8fvd5biL.Ctlxs.2Ae.xM6LFxp33gGvJSA1oFjybfygSo6', 'lAFmeRJMStZeH8KVGehOIDmBHPKCxX557W9T4Jkgt1SLpGcPyptkvqWEsUvl', '2017-07-14 21:39:23', '2017-07-14 21:51:42', 1, '', 'Pfzn8scU.jpg', NULL),
(45, 'mon', 'Мочалов Н.А.', 'mon@mail.ru', '+7 (906) 231-72-43', '238758, обл. Калининградская, г. Советск, ул. Александра Невского, д. 2, кв.2', '$2y$10$MalSX4e.ohCSfx17Nk6KQO/XSgjkD3p9T7h6cmlZXvCTzgqQNJgUS', 'r6RKjhue4yTSUhq1cPJpvqAc0A3a2RtBZ3mVGQmnKl9YQxjufz3hNwnrUVOz', '2017-07-15 19:02:48', '2017-07-15 19:05:08', 1, '', NULL, NULL),
(46, 'pupkin', 'Пупкин И.И.', 'pupkin@mail.ru', '+7 (911) 469-96-71', '354200, край. Краснодарский, г. Сочи, ул. Сосновая, 4', '$2y$10$589lHn6NcrY2RxkCx8EG/uKtsuL.QFryXAF8zlH4YiBZEyUtyf3ka', NULL, '2017-07-16 17:56:06', '2017-07-16 17:59:58', 1, '', NULL, NULL),
(47, 'kotov', 'Котов', 'kotov@mail.ru', '+7 (906) 231-72-34', '660061, край. Красноярский, г. Красноярск, ул. Пригорная, д. 49А/84', '$2y$10$RpI88qSH2VpietB/6ZkTkOcjq48zLy.bMZ5vfU78cbryuKy3MahmO', 'iIvxF4DczwoSVDjtmFXqr66P4tTjEOUAMjf8vt8xQw4USzXiU8vJ5Fxbp9hR', '2017-07-16 18:04:14', '2017-07-16 18:09:11', 1, '', NULL, NULL);

-- --------------------------------------------------------

--
-- Структура таблицы `zakaz_tovar`
--

CREATE TABLE `zakaz_tovar` (
  `id` int(10) UNSIGNED NOT NULL,
  `name` varchar(255) COLLATE utf8mb4_unicode_ci DEFAULT NULL,
  `price` float DEFAULT NULL,
  `created_at` timestamp NULL DEFAULT NULL,
  `updated_at` timestamp NULL DEFAULT NULL,
  `quantity` tinyint(3) UNSIGNED NOT NULL,
  `order_id` int(10) UNSIGNED NOT NULL DEFAULT '0',
  `product_id` int(10) UNSIGNED NOT NULL DEFAULT '0'
) ENGINE=InnoDB DEFAULT CHARSET=utf8mb4 COLLATE=utf8mb4_unicode_ci;

--
-- Дамп данных таблицы `zakaz_tovar`
--

INSERT INTO `zakaz_tovar` (`id`, `name`, `price`, `created_at`, `updated_at`, `quantity`, `order_id`, `product_id`) VALUES
(60, 'Лягушка задумчивая', 280, '2017-07-10 09:36:29', '2017-07-10 09:36:29', 1, 39, 1),
(61, 'Лягушка-синеглазка', 170, '2017-07-10 13:25:24', '2017-07-10 13:25:24', 3, 40, 2),
(62, 'Лягушонок на листе - 2', 100, '2017-07-10 13:25:24', '2017-07-10 13:25:24', 10, 40, 6),
(63, 'Лягушка на шарике', 190, '2017-07-10 13:25:24', '2017-07-10 13:25:24', 1, 40, 9),
(64, 'Лягушка задумчивая', 280, '2017-07-11 06:13:33', '2017-07-11 06:13:33', 10, 42, 1),
(65, 'Лягушка-синеглазка', 170, '2017-07-11 06:13:33', '2017-07-11 06:13:33', 2, 42, 2),
(66, 'Лягушка с бантиком', 190, '2017-07-11 06:13:33', '2017-07-11 06:13:33', 2, 42, 5),
(67, 'Лягушка на шарике', 190, '2017-07-11 06:13:33', '2017-07-11 06:13:33', 3, 42, 9),
(68, 'Лягушонок на листе - 2', 100, '2017-07-11 06:13:33', '2017-07-11 06:13:33', 1, 42, 6),
(69, 'Лягушка с бантиком', 190, '2017-07-11 12:36:50', '2017-07-11 12:36:50', 6, 43, 5),
(70, 'Лягушка задумчивая', 280, '2017-07-11 15:32:59', '2017-07-11 15:32:59', 5, 44, 1),
(71, 'Лягушка-синеглазка', 170, '2017-07-11 15:32:59', '2017-07-11 15:32:59', 1, 44, 2),
(72, 'Лягушка с бантиком', 190, '2017-07-11 15:32:59', '2017-07-11 15:32:59', 2, 44, 5),
(73, 'Лягушонок на листе - 2', 100, '2017-07-11 15:32:59', '2017-07-11 15:32:59', 2, 44, 6),
(74, 'Лягушка задумчивая', 280, '2017-07-11 15:51:40', '2017-07-11 15:51:40', 1, 45, 1),
(75, 'Лягушка задумчивая', 280, '2017-07-12 06:58:39', '2017-07-12 06:58:39', 4, 46, 1),
(76, 'Лягушка задумчивая', 280, '2017-07-12 07:25:21', '2017-07-12 07:25:21', 1, 47, 1),
(77, 'Лягушка-синеглазка', 170, '2017-07-12 07:36:12', '2017-07-12 07:36:12', 10, 48, 2),
(78, 'Лягушка задумчивая', 280, '2017-07-12 07:41:46', '2017-07-12 07:41:46', 10, 49, 1),
(79, 'Лягушка с бантиком', 190, '2017-07-12 07:41:46', '2017-07-12 07:41:46', 1, 49, 5),
(80, 'Лягушонок на листе - 2', 100, '2017-07-12 07:41:46', '2017-07-12 07:41:46', 2, 49, 6),
(81, 'Лягушка-синеглазка', 170, '2017-07-14 12:01:05', '2017-07-14 12:01:05', 1, 50, 2),
(82, 'Лягушка с бантиком', 190, '2017-07-14 12:01:05', '2017-07-14 12:01:05', 1, 50, 5),
(93, 'Лягушка задумчивая', 280, '2017-07-14 21:39:37', '2017-07-14 21:39:37', 10, 65, 1),
(94, 'Лягушонок на листе - 2', 100, '2017-07-14 21:39:37', '2017-07-14 21:39:37', 2, 65, 6),
(95, 'Лягушка на шарике', 190, '2017-07-14 21:39:37', '2017-07-14 21:39:37', 1, 65, 9),
(96, 'Лягушка-синеглазка', 170, '2017-07-15 19:03:04', '2017-07-15 19:03:04', 1, 67, 2),
(97, 'Лягушка с бантиком', 190, '2017-07-15 19:03:04', '2017-07-15 19:03:04', 6, 67, 5),
(98, 'Лягушка-синеглазка', 170, '2017-07-16 17:56:21', '2017-07-16 17:56:21', 2, 69, 2),
(99, 'Лягушка с бантиком', 190, '2017-07-16 17:56:21', '2017-07-16 17:56:21', 3, 69, 5),
(100, 'Лягушонок сидячий - 2', 80, '2017-07-16 17:56:21', '2017-07-16 17:56:21', 1, 69, 7),
(101, 'Лягушка на шарике', 190, '2017-07-16 17:56:21', '2017-07-16 17:56:21', 2, 69, 9),
(102, 'Лягушка-синеглазка', 170, '2017-07-16 18:04:36', '2017-07-16 18:04:36', 4, 71, 2),
(103, 'Лягушонок на листе - 2', 100, '2017-07-16 18:04:36', '2017-07-16 18:04:36', 1, 71, 6),
(104, 'Лягушка на шарике', 190, '2017-07-16 18:04:36', '2017-07-16 18:04:36', 2, 71, 9),
(105, 'Лягушка задумчивая', 280, '2017-07-21 06:14:41', '2017-07-21 06:14:41', 2, 72, 1),
(106, 'Лягушка с бантиком', 190, '2017-07-21 06:14:41', '2017-07-21 06:14:41', 3, 72, 5),
(107, 'Лягушка на шарике', 190, '2017-07-21 06:14:41', '2017-07-21 06:14:41', 2, 72, 9),
(108, 'Лягушонок на листе - 2', 100, '2017-07-31 13:39:55', '2017-07-31 13:39:55', 1, 73, 6),
(109, 'Лягушка-синеглазка', 170, '2017-08-02 06:31:56', '2017-08-02 06:31:56', 1, 74, 2),
(110, 'Лягушонок на листе - 2', 100, '2017-08-06 20:59:55', '2017-08-06 20:59:55', 1, 75, 6),
(111, 'Лягушка с бантиком', 190, '2017-08-06 20:59:55', '2017-08-06 20:59:55', 1, 75, 5),
(112, 'Лягушонок сидячий - 2', 80, '2017-08-06 20:59:55', '2017-08-06 20:59:55', 3, 75, 7),
(113, 'Лягушка-синеглазка - 2', 170, '2017-08-06 20:59:55', '2017-08-06 20:59:55', 2, 75, 8),
(114, 'Лягушка на шарике', 190, '2017-08-06 20:59:55', '2017-08-06 20:59:55', 5, 75, 9),
(115, 'Лягушка задумчивая', 280, '2017-08-07 10:10:07', '2017-08-07 10:10:07', 3, 76, 1),
(116, 'Лягушка-синеглазка', 170, '2017-08-07 10:10:07', '2017-08-07 10:10:07', 2, 76, 2),
(117, 'Лягушка задумчивая', 280, '2017-08-13 16:56:07', '2017-08-13 16:56:07', 1, 77, 1),
(118, 'Лягушка-синеглазка', 170, '2017-08-15 19:25:36', '2017-08-15 19:25:36', 3, 78, 2),
(119, 'Лягушка с бантиком', 190, '2017-08-15 19:25:36', '2017-08-15 19:25:36', 2, 78, 5),
(120, 'Лягушонок на листе - 2', 100, '2017-08-15 19:25:36', '2017-08-15 19:25:36', 3, 78, 6),
(121, 'Лягушка задумчивая', 280, '2017-08-19 07:20:48', '2017-08-19 07:20:48', 4, 79, 1),
(122, 'Лягушка задумчивая', 280, '2017-08-19 07:23:11', '2017-08-19 07:23:11', 4, 80, 1),
(123, 'Лягушка задумчивая', 280, '2017-08-19 07:31:17', '2017-08-19 07:31:17', 3, 81, 1),
(124, 'Лягушка задумчивая', 280, '2017-08-19 07:39:11', '2017-08-19 07:39:11', 3, 82, 1),
(125, 'Лягушка задумчивая', 280, '2017-08-19 07:39:23', '2017-08-19 07:39:23', 3, 83, 1),
(126, 'Лягушка задумчивая', 280, '2017-08-19 07:39:57', '2017-08-19 07:39:57', 3, 84, 1),
(127, 'Лягушка задумчивая', 280, '2017-08-19 07:41:18', '2017-08-19 07:41:18', 3, 85, 1),
(128, 'Лягушка задумчивая', 280, '2017-08-19 07:42:38', '2017-08-19 07:42:38', 3, 86, 1),
(129, 'Лягушка задумчивая', 280, '2017-08-19 07:42:57', '2017-08-19 07:42:57', 3, 87, 1),
(130, 'Лягушка задумчивая', 280, '2017-08-19 07:44:20', '2017-08-19 07:44:20', 3, 88, 1),
(131, 'Лягушка задумчивая', 280, '2017-08-19 07:55:24', '2017-08-19 07:55:24', 3, 89, 1),
(132, 'Лягушка-синеглазка', 170, '2017-08-19 07:55:24', '2017-08-19 07:55:24', 1, 89, 2),
(133, 'Лягушка задумчивая', 280, '2017-08-19 07:56:34', '2017-08-19 07:56:34', 3, 90, 1),
(134, 'Лягушка-синеглазка', 170, '2017-08-19 07:56:34', '2017-08-19 07:56:34', 1, 90, 2),
(135, 'Лягушка задумчивая', 280, '2017-08-19 07:56:47', '2017-08-19 07:56:47', 3, 91, 1),
(136, 'Лягушка-синеглазка', 170, '2017-08-19 07:56:47', '2017-08-19 07:56:47', 1, 91, 2),
(137, 'Лягушка задумчивая', 280, '2017-08-19 07:57:39', '2017-08-19 07:57:39', 3, 92, 1),
(138, 'Лягушка-синеглазка', 170, '2017-08-19 07:57:39', '2017-08-19 07:57:39', 1, 92, 2),
(139, 'Лягушка задумчивая', 280, '2017-08-19 08:00:34', '2017-08-19 08:00:34', 3, 93, 1),
(140, 'Лягушка-синеглазка', 170, '2017-08-19 08:00:34', '2017-08-19 08:00:34', 1, 93, 2),
(141, 'Лягушка задумчивая', 280, '2017-08-19 08:16:17', '2017-08-19 08:16:17', 3, 94, 1),
(142, 'Лягушка-синеглазка', 170, '2017-08-19 08:16:17', '2017-08-19 08:16:17', 1, 94, 2),
(143, 'Лягушка задумчивая', 280, '2017-08-19 08:18:38', '2017-08-19 08:18:38', 3, 95, 1),
(144, 'Лягушка-синеглазка', 170, '2017-08-19 08:18:38', '2017-08-19 08:18:38', 1, 95, 2),
(145, 'Лягушка задумчивая', 280, '2017-08-19 08:28:12', '2017-08-19 08:28:12', 3, 96, 1),
(146, 'Лягушка-синеглазка', 170, '2017-08-19 08:28:12', '2017-08-19 08:28:12', 1, 96, 2),
(147, 'Лягушка задумчивая', 280, '2017-08-19 08:30:35', '2017-08-19 08:30:35', 3, 97, 1),
(148, 'Лягушка-синеглазка', 170, '2017-08-19 08:30:35', '2017-08-19 08:30:35', 1, 97, 2),
(149, 'Лягушка задумчивая', 280, '2017-08-19 08:34:16', '2017-08-19 08:34:16', 3, 98, 1),
(150, 'Лягушка-синеглазка', 170, '2017-08-19 08:34:16', '2017-08-19 08:34:16', 1, 98, 2),
(151, 'Лягушка задумчивая', 280, '2017-08-19 08:46:40', '2017-08-19 08:46:40', 3, 99, 1),
(152, 'Лягушка-синеглазка', 170, '2017-08-19 08:46:40', '2017-08-19 08:46:40', 1, 99, 2),
(153, 'Лягушка задумчивая', 280, '2017-08-19 10:25:36', '2017-08-19 10:25:36', 3, 100, 1),
(154, 'Лягушка-синеглазка', 170, '2017-08-19 10:25:36', '2017-08-19 10:25:36', 1, 100, 2),
(155, 'Лягушка с бантиком', 190, '2017-08-19 10:25:36', '2017-08-19 10:25:36', 1, 100, 5),
(156, 'Лягушонок на листе - 2', 100, '2017-08-19 10:25:36', '2017-08-19 10:25:36', 2, 100, 6),
(157, 'Лягушка задумчивая', 280, '2017-08-19 10:26:48', '2017-08-19 10:26:48', 3, 101, 1),
(158, 'Лягушка-синеглазка', 170, '2017-08-19 10:26:48', '2017-08-19 10:26:48', 1, 101, 2),
(159, 'Лягушка с бантиком', 190, '2017-08-19 10:26:48', '2017-08-19 10:26:48', 1, 101, 5),
(160, 'Лягушонок на листе - 2', 100, '2017-08-19 10:26:48', '2017-08-19 10:26:48', 2, 101, 6),
(161, 'Лягушка задумчивая', 280, '2017-08-19 10:27:02', '2017-08-19 10:27:02', 3, 102, 1),
(162, 'Лягушка-синеглазка', 170, '2017-08-19 10:27:02', '2017-08-19 10:27:02', 1, 102, 2),
(163, 'Лягушка с бантиком', 190, '2017-08-19 10:27:02', '2017-08-19 10:27:02', 1, 102, 5),
(164, 'Лягушонок на листе - 2', 100, '2017-08-19 10:27:02', '2017-08-19 10:27:02', 2, 102, 6),
(165, 'Лягушка задумчивая', 280, '2017-08-19 10:27:48', '2017-08-19 10:27:48', 3, 103, 1),
(166, 'Лягушка-синеглазка', 170, '2017-08-19 10:27:48', '2017-08-19 10:27:48', 1, 103, 2),
(167, 'Лягушка с бантиком', 190, '2017-08-19 10:27:48', '2017-08-19 10:27:48', 1, 103, 5),
(168, 'Лягушонок на листе - 2', 100, '2017-08-19 10:27:48', '2017-08-19 10:27:48', 2, 103, 6),
(169, 'Лягушка задумчивая', 280, '2017-08-19 10:28:09', '2017-08-19 10:28:09', 3, 104, 1),
(170, 'Лягушка-синеглазка', 170, '2017-08-19 10:28:09', '2017-08-19 10:28:09', 1, 104, 2),
(171, 'Лягушка с бантиком', 190, '2017-08-19 10:28:09', '2017-08-19 10:28:09', 1, 104, 5),
(172, 'Лягушонок на листе - 2', 100, '2017-08-19 10:28:09', '2017-08-19 10:28:09', 2, 104, 6),
(173, 'Лягушка задумчивая', 280, '2017-08-19 10:29:59', '2017-08-19 10:29:59', 3, 105, 1),
(174, 'Лягушка-синеглазка', 170, '2017-08-19 10:29:59', '2017-08-19 10:29:59', 1, 105, 2),
(175, 'Лягушка с бантиком', 190, '2017-08-19 10:29:59', '2017-08-19 10:29:59', 1, 105, 5),
(176, 'Лягушонок на листе - 2', 100, '2017-08-19 10:29:59', '2017-08-19 10:29:59', 2, 105, 6),
(177, 'Лягушка задумчивая', 280, '2017-08-19 10:32:46', '2017-08-19 10:32:46', 3, 106, 1),
(178, 'Лягушка-синеглазка', 170, '2017-08-19 10:32:46', '2017-08-19 10:32:46', 1, 106, 2),
(179, 'Лягушка с бантиком', 190, '2017-08-19 10:32:46', '2017-08-19 10:32:46', 1, 106, 5),
(180, 'Лягушонок на листе - 2', 100, '2017-08-19 10:32:46', '2017-08-19 10:32:46', 2, 106, 6),
(181, 'Лягушка задумчивая', 280, '2017-08-19 10:34:47', '2017-08-19 10:34:47', 3, 107, 1),
(182, 'Лягушка-синеглазка', 170, '2017-08-19 10:34:47', '2017-08-19 10:34:47', 1, 107, 2),
(183, 'Лягушка с бантиком', 190, '2017-08-19 10:34:47', '2017-08-19 10:34:47', 1, 107, 5),
(184, 'Лягушонок на листе - 2', 100, '2017-08-19 10:34:47', '2017-08-19 10:34:47', 2, 107, 6),
(185, 'Лягушка задумчивая', 280, '2017-08-19 10:36:49', '2017-08-19 10:36:49', 3, 108, 1),
(186, 'Лягушка-синеглазка', 170, '2017-08-19 10:36:49', '2017-08-19 10:36:49', 1, 108, 2),
(187, 'Лягушка с бантиком', 190, '2017-08-19 10:36:49', '2017-08-19 10:36:49', 1, 108, 5),
(188, 'Лягушонок на листе - 2', 100, '2017-08-19 10:36:49', '2017-08-19 10:36:49', 2, 108, 6),
(189, 'Лягушка задумчивая', 280, '2017-08-19 13:40:20', '2017-08-19 13:40:20', 3, 109, 1),
(190, 'Лягушка-синеглазка', 170, '2017-08-19 13:40:20', '2017-08-19 13:40:20', 1, 109, 2),
(191, 'Лягушка с бантиком', 190, '2017-08-19 13:40:20', '2017-08-19 13:40:20', 1, 109, 5),
(192, 'Лягушонок на листе - 2', 100, '2017-08-19 13:40:20', '2017-08-19 13:40:20', 2, 109, 6);

--
-- Индексы сохранённых таблиц
--

--
-- Индексы таблицы `articles`
--
ALTER TABLE `articles`
  ADD PRIMARY KEY (`id`),
  ADD UNIQUE KEY `articles_alias_unique` (`alias`),
  ADD KEY `articles_category_id_foreign` (`category_id`),
  ADD KEY `articles_user_id_foreign` (`user_id`);

--
-- Индексы таблицы `banners`
--
ALTER TABLE `banners`
  ADD PRIMARY KEY (`id`),
  ADD KEY `banners_product_id_foreign` (`product_id`);

--
-- Индексы таблицы `blocks`
--
ALTER TABLE `blocks`
  ADD PRIMARY KEY (`id`),
  ADD UNIQUE KEY `blocks_name_unique` (`name`);

--
-- Индексы таблицы `block_page`
--
ALTER TABLE `block_page`
  ADD PRIMARY KEY (`id`),
  ADD KEY `block_page_block_id_foreign` (`block_id`),
  ADD KEY `block_page_page_id_foreign` (`page_id`);

--
-- Индексы таблицы `brands`
--
ALTER TABLE `brands`
  ADD PRIMARY KEY (`id`),
  ADD UNIQUE KEY `brands_alias_unique` (`alias`);

--
-- Индексы таблицы `categories`
--
ALTER TABLE `categories`
  ADD PRIMARY KEY (`id`),
  ADD UNIQUE KEY `categories_alias_unique` (`alias`);

--
-- Индексы таблицы `comments`
--
ALTER TABLE `comments`
  ADD PRIMARY KEY (`id`),
  ADD KEY `comments_article_id_foreign` (`article_id`),
  ADD KEY `comments_user_id_foreign` (`user_id`);

--
-- Индексы таблицы `deliveries`
--
ALTER TABLE `deliveries`
  ADD PRIMARY KEY (`id`);

--
-- Индексы таблицы `failed_jobs`
--
ALTER TABLE `failed_jobs`
  ADD PRIMARY KEY (`id`);

--
-- Индексы таблицы `jobs`
--
ALTER TABLE `jobs`
  ADD PRIMARY KEY (`id`),
  ADD KEY `jobs_queue_reserved_at_index` (`queue`,`reserved_at`);

--
-- Индексы таблицы `likes`
--
ALTER TABLE `likes`
  ADD PRIMARY KEY (`id`),
  ADD KEY `likes_user_id_foreign` (`user_id`),
  ADD KEY `likes_article_id_foreign` (`article_id`);

--
-- Индексы таблицы `migrations`
--
ALTER TABLE `migrations`
  ADD PRIMARY KEY (`id`);

--
-- Индексы таблицы `mitems`
--
ALTER TABLE `mitems`
  ADD PRIMARY KEY (`id`),
  ADD UNIQUE KEY `alias` (`alias`),
  ADD KEY `mitems_mtype_id_foreign` (`mtype_id`) USING BTREE;

--
-- Индексы таблицы `mtypes`
--
ALTER TABLE `mtypes`
  ADD PRIMARY KEY (`id`),
  ADD UNIQUE KEY `mtypes_name_unique` (`name`);

--
-- Индексы таблицы `orders`
--
ALTER TABLE `orders`
  ADD PRIMARY KEY (`id`),
  ADD KEY `orders_user_id_foreign` (`user_id`),
  ADD KEY `orders_delivery_id_foreign` (`delivery_id`);

--
-- Индексы таблицы `pages`
--
ALTER TABLE `pages`
  ADD PRIMARY KEY (`id`),
  ADD UNIQUE KEY `alias` (`alias`),
  ADD KEY `pages_mitem_id_foreign` (`mitem_id`) USING BTREE;

--
-- Индексы таблицы `password_resets`
--
ALTER TABLE `password_resets`
  ADD KEY `password_resets_email_index` (`email`);

--
-- Индексы таблицы `permissions`
--
ALTER TABLE `permissions`
  ADD PRIMARY KEY (`id`),
  ADD UNIQUE KEY `permissions_name_unique` (`name`);

--
-- Индексы таблицы `permission_role`
--
ALTER TABLE `permission_role`
  ADD PRIMARY KEY (`permission_id`,`role_id`),
  ADD KEY `permission_role_role_id_foreign` (`role_id`);

--
-- Индексы таблицы `products`
--
ALTER TABLE `products`
  ADD PRIMARY KEY (`id`),
  ADD KEY `products_subbrand_id_foreign` (`subbrand_id`);

--
-- Индексы таблицы `roles`
--
ALTER TABLE `roles`
  ADD PRIMARY KEY (`id`),
  ADD UNIQUE KEY `roles_name_unique` (`name`);

--
-- Индексы таблицы `role_user`
--
ALTER TABLE `role_user`
  ADD PRIMARY KEY (`user_id`,`role_id`),
  ADD KEY `role_user_role_id_foreign` (`role_id`);

--
-- Индексы таблицы `shoppingcart`
--
ALTER TABLE `shoppingcart`
  ADD PRIMARY KEY (`identifier`,`instance`);

--
-- Индексы таблицы `sliders`
--
ALTER TABLE `sliders`
  ADD PRIMARY KEY (`id`);

--
-- Индексы таблицы `subbrands`
--
ALTER TABLE `subbrands`
  ADD PRIMARY KEY (`id`),
  ADD KEY `subbrands_brand_id_foreign` (`brand_id`);

--
-- Индексы таблицы `subscribers`
--
ALTER TABLE `subscribers`
  ADD PRIMARY KEY (`id`),
  ADD UNIQUE KEY `subscribers_email_unique` (`email`);

--
-- Индексы таблицы `upcommings`
--
ALTER TABLE `upcommings`
  ADD PRIMARY KEY (`id`),
  ADD KEY `upcommings_product_id_foreign` (`product_id`);

--
-- Индексы таблицы `users`
--
ALTER TABLE `users`
  ADD PRIMARY KEY (`id`),
  ADD UNIQUE KEY `users_email_unique` (`email`);

--
-- Индексы таблицы `zakaz_tovar`
--
ALTER TABLE `zakaz_tovar`
  ADD PRIMARY KEY (`id`),
  ADD KEY `zakaz_tovar_order_id_foreign` (`order_id`);

--
-- AUTO_INCREMENT для сохранённых таблиц
--

--
-- AUTO_INCREMENT для таблицы `articles`
--
ALTER TABLE `articles`
  MODIFY `id` int(10) UNSIGNED NOT NULL AUTO_INCREMENT, AUTO_INCREMENT=9;
--
-- AUTO_INCREMENT для таблицы `banners`
--
ALTER TABLE `banners`
  MODIFY `id` int(10) UNSIGNED NOT NULL AUTO_INCREMENT, AUTO_INCREMENT=4;
--
-- AUTO_INCREMENT для таблицы `blocks`
--
ALTER TABLE `blocks`
  MODIFY `id` int(10) UNSIGNED NOT NULL AUTO_INCREMENT, AUTO_INCREMENT=19;
--
-- AUTO_INCREMENT для таблицы `block_page`
--
ALTER TABLE `block_page`
  MODIFY `id` int(10) UNSIGNED NOT NULL AUTO_INCREMENT, AUTO_INCREMENT=29;
--
-- AUTO_INCREMENT для таблицы `brands`
--
ALTER TABLE `brands`
  MODIFY `id` int(10) UNSIGNED NOT NULL AUTO_INCREMENT, AUTO_INCREMENT=6;
--
-- AUTO_INCREMENT для таблицы `categories`
--
ALTER TABLE `categories`
  MODIFY `id` int(10) UNSIGNED NOT NULL AUTO_INCREMENT, AUTO_INCREMENT=4;
--
-- AUTO_INCREMENT для таблицы `comments`
--
ALTER TABLE `comments`
  MODIFY `id` int(10) UNSIGNED NOT NULL AUTO_INCREMENT, AUTO_INCREMENT=63;
--
-- AUTO_INCREMENT для таблицы `deliveries`
--
ALTER TABLE `deliveries`
  MODIFY `id` int(10) UNSIGNED NOT NULL AUTO_INCREMENT, AUTO_INCREMENT=5;
--
-- AUTO_INCREMENT для таблицы `failed_jobs`
--
ALTER TABLE `failed_jobs`
  MODIFY `id` bigint(20) UNSIGNED NOT NULL AUTO_INCREMENT;
--
-- AUTO_INCREMENT для таблицы `jobs`
--
ALTER TABLE `jobs`
  MODIFY `id` bigint(20) UNSIGNED NOT NULL AUTO_INCREMENT;
--
-- AUTO_INCREMENT для таблицы `likes`
--
ALTER TABLE `likes`
  MODIFY `id` int(10) UNSIGNED NOT NULL AUTO_INCREMENT, AUTO_INCREMENT=19;
--
-- AUTO_INCREMENT для таблицы `migrations`
--
ALTER TABLE `migrations`
  MODIFY `id` int(10) UNSIGNED NOT NULL AUTO_INCREMENT, AUTO_INCREMENT=75;
--
-- AUTO_INCREMENT для таблицы `mitems`
--
ALTER TABLE `mitems`
  MODIFY `id` int(10) UNSIGNED NOT NULL AUTO_INCREMENT, AUTO_INCREMENT=6;
--
-- AUTO_INCREMENT для таблицы `mtypes`
--
ALTER TABLE `mtypes`
  MODIFY `id` int(10) UNSIGNED NOT NULL AUTO_INCREMENT, AUTO_INCREMENT=4;
--
-- AUTO_INCREMENT для таблицы `orders`
--
ALTER TABLE `orders`
  MODIFY `id` int(10) UNSIGNED NOT NULL AUTO_INCREMENT, AUTO_INCREMENT=110;
--
-- AUTO_INCREMENT для таблицы `pages`
--
ALTER TABLE `pages`
  MODIFY `id` int(10) UNSIGNED NOT NULL AUTO_INCREMENT, AUTO_INCREMENT=11;
--
-- AUTO_INCREMENT для таблицы `permissions`
--
ALTER TABLE `permissions`
  MODIFY `id` int(10) UNSIGNED NOT NULL AUTO_INCREMENT, AUTO_INCREMENT=33;
--
-- AUTO_INCREMENT для таблицы `products`
--
ALTER TABLE `products`
  MODIFY `id` int(10) UNSIGNED NOT NULL AUTO_INCREMENT, AUTO_INCREMENT=10;
--
-- AUTO_INCREMENT для таблицы `roles`
--
ALTER TABLE `roles`
  MODIFY `id` int(10) UNSIGNED NOT NULL AUTO_INCREMENT, AUTO_INCREMENT=37;
--
-- AUTO_INCREMENT для таблицы `sliders`
--
ALTER TABLE `sliders`
  MODIFY `id` int(10) UNSIGNED NOT NULL AUTO_INCREMENT, AUTO_INCREMENT=4;
--
-- AUTO_INCREMENT для таблицы `subbrands`
--
ALTER TABLE `subbrands`
  MODIFY `id` int(10) UNSIGNED NOT NULL AUTO_INCREMENT, AUTO_INCREMENT=15;
--
-- AUTO_INCREMENT для таблицы `subscribers`
--
ALTER TABLE `subscribers`
  MODIFY `id` int(10) UNSIGNED NOT NULL AUTO_INCREMENT, AUTO_INCREMENT=14;
--
-- AUTO_INCREMENT для таблицы `upcommings`
--
ALTER TABLE `upcommings`
  MODIFY `id` int(10) UNSIGNED NOT NULL AUTO_INCREMENT, AUTO_INCREMENT=2;
--
-- AUTO_INCREMENT для таблицы `users`
--
ALTER TABLE `users`
  MODIFY `id` int(10) UNSIGNED NOT NULL AUTO_INCREMENT, AUTO_INCREMENT=48;
--
-- AUTO_INCREMENT для таблицы `zakaz_tovar`
--
ALTER TABLE `zakaz_tovar`
  MODIFY `id` int(10) UNSIGNED NOT NULL AUTO_INCREMENT, AUTO_INCREMENT=193;
--
-- Ограничения внешнего ключа сохраненных таблиц
--

--
-- Ограничения внешнего ключа таблицы `articles`
--
ALTER TABLE `articles`
  ADD CONSTRAINT `articles_category_id_foreign` FOREIGN KEY (`category_id`) REFERENCES `categories` (`id`),
  ADD CONSTRAINT `articles_user_id_foreign` FOREIGN KEY (`user_id`) REFERENCES `users` (`id`);

--
-- Ограничения внешнего ключа таблицы `banners`
--
ALTER TABLE `banners`
  ADD CONSTRAINT `banners_product_id_foreign` FOREIGN KEY (`product_id`) REFERENCES `products` (`id`);

--
-- Ограничения внешнего ключа таблицы `block_page`
--
ALTER TABLE `block_page`
  ADD CONSTRAINT `block_page_block_id_foreign` FOREIGN KEY (`block_id`) REFERENCES `blocks` (`id`),
  ADD CONSTRAINT `block_page_page_id_foreign` FOREIGN KEY (`page_id`) REFERENCES `pages` (`id`);

--
-- Ограничения внешнего ключа таблицы `comments`
--
ALTER TABLE `comments`
  ADD CONSTRAINT `comments_article_id_foreign` FOREIGN KEY (`article_id`) REFERENCES `articles` (`id`),
  ADD CONSTRAINT `comments_user_id_foreign` FOREIGN KEY (`user_id`) REFERENCES `users` (`id`);

--
-- Ограничения внешнего ключа таблицы `likes`
--
ALTER TABLE `likes`
  ADD CONSTRAINT `likes_article_id_foreign` FOREIGN KEY (`article_id`) REFERENCES `articles` (`id`),
  ADD CONSTRAINT `likes_user_id_foreign` FOREIGN KEY (`user_id`) REFERENCES `users` (`id`);

--
-- Ограничения внешнего ключа таблицы `orders`
--
ALTER TABLE `orders`
  ADD CONSTRAINT `orders_delivery_id_foreign` FOREIGN KEY (`delivery_id`) REFERENCES `deliveries` (`id`),
  ADD CONSTRAINT `orders_user_id_foreign` FOREIGN KEY (`user_id`) REFERENCES `users` (`id`);

--
-- Ограничения внешнего ключа таблицы `permission_role`
--
ALTER TABLE `permission_role`
  ADD CONSTRAINT `permission_role_permission_id_foreign` FOREIGN KEY (`permission_id`) REFERENCES `permissions` (`id`) ON DELETE CASCADE ON UPDATE CASCADE,
  ADD CONSTRAINT `permission_role_role_id_foreign` FOREIGN KEY (`role_id`) REFERENCES `roles` (`id`) ON DELETE CASCADE ON UPDATE CASCADE;

--
-- Ограничения внешнего ключа таблицы `products`
--
ALTER TABLE `products`
  ADD CONSTRAINT `products_subbrand_id_foreign` FOREIGN KEY (`subbrand_id`) REFERENCES `subbrands` (`id`);

--
-- Ограничения внешнего ключа таблицы `role_user`
--
ALTER TABLE `role_user`
  ADD CONSTRAINT `role_user_role_id_foreign` FOREIGN KEY (`role_id`) REFERENCES `roles` (`id`) ON DELETE CASCADE ON UPDATE CASCADE,
  ADD CONSTRAINT `role_user_user_id_foreign` FOREIGN KEY (`user_id`) REFERENCES `users` (`id`) ON DELETE CASCADE ON UPDATE CASCADE;

--
-- Ограничения внешнего ключа таблицы `subbrands`
--
ALTER TABLE `subbrands`
  ADD CONSTRAINT `subbrands_brand_id_foreign` FOREIGN KEY (`brand_id`) REFERENCES `brands` (`id`);

--
-- Ограничения внешнего ключа таблицы `upcommings`
--
ALTER TABLE `upcommings`
  ADD CONSTRAINT `upcommings_product_id_foreign` FOREIGN KEY (`product_id`) REFERENCES `products` (`id`);

--
-- Ограничения внешнего ключа таблицы `zakaz_tovar`
--
ALTER TABLE `zakaz_tovar`
  ADD CONSTRAINT `zakaz_tovar_order_id_foreign` FOREIGN KEY (`order_id`) REFERENCES `orders` (`id`);

/*!40101 SET CHARACTER_SET_CLIENT=@OLD_CHARACTER_SET_CLIENT */;
/*!40101 SET CHARACTER_SET_RESULTS=@OLD_CHARACTER_SET_RESULTS */;
/*!40101 SET COLLATION_CONNECTION=@OLD_COLLATION_CONNECTION */;
